p,contrib,C,maxterm
5,6,11,4
7,7,13,4
11,9,17,6
13,8,15,4
17,10,19,6
19,11,21,6
23,13,25,8
29,13,25,8
31,12,23,6
37,10,19,4
41,13,25,8
43,13,25,6
47,18,33,10
53,16,31,8
59,20,37,12
61,11,21,6
67,14,27,6
71,20,39,12
73,13,23,6
79,19,37,10
83,21,39,12
89,21,41,12
97,16,31,6
101,16,31,8
103,20,37,8
107,23,41,12
109,17,33,8
113,16,31,8
127,17,33,8
131,22,43,12
137,17,33,8
139,25,45,12
149,23,43,12
151,19,37,8
157,17,31,6
163,17,33,8
167,29,55,16
173,20,39,8
179,30,57,18
181,19,35,8
191,26,47,14
193,16,29,8
197,24,45,12
199,24,47,12
211,14,27,6
223,26,51,12
227,27,47,12
229,24,45,8
233,26,47,12
239,35,65,20
241,17,31,6
251,35,63,18
257,18,35,8
263,32,59,16
269,31,59,16
271,24,47,10
277,18,35,8
281,16,31,8
283,23,43,8
293,27,51,12
307,27,49,12
311,30,55,16
313,22,39,12
317,24,43,8
331,19,35,6
337,24,43,6
347,26,49,12
349,30,57,12
353,18,35,8
359,43,77,24
367,29,51,10
373,26,49,8
379,26,49,12
383,34,65,16
389,34,61,16
397,18,35,8
401,23,41,8
409,22,39,8
419,42,77,24
421,13,25,6
431,38,71,20
433,26,47,8
439,35,67,16
443,23,45,12
449,34,65,18
457,20,37,8
461,32,59,16
463,25,45,10
467,37,67,18
479,45,83,24
487,27,47,8
491,27,53,12
499,29,51,12
503,45,85,24
509,34,63,16
521,29,53,12
523,24,45,12
541,18,31,6
547,21,41,6
557,32,61,12
563,27,51,12
569,37,63,16
571,31,55,12
577,26,45,6
587,37,67,18
593,36,63,16
599,44,83,24
601,21,39,8
607,35,63,12
613,22,41,8
617,22,43,8
619,31,57,12
631,16,31,8
641,24,43,8
643,37,67,12
647,41,77,20
653,24,45,8
659,45,81,24
661,30,49,8
673,21,39,12
677,23,43,8
683,36,67,18
691,27,51,12
701,38,73,16
709,30,53,8
719,54,99,30
727,34,65,16
733,29,53,12
739,35,61,12
743,32,59,16
751,26,49,10
757,22,41,8
761,21,39,8
769,34,63,16
773,34,63,12
787,26,45,6
797,43,75,16
809,40,75,20
811,29,55,12
821,27,47,8
823,34,61,12
827,36,67,18
829,25,47,8
839,56,103,32
853,29,55,12
857,37,65,16
859,31,59,12
863,47,85,24
877,28,49,10
881,38,73,18
883,33,59,12
887,37,69,16
907,28,53,8
911,42,75,20
919,33,63,16
929,37,69,16
937,27,49,8
941,23,45,8
947,31,57,12
953,33,57,12
967,33,61,12
971,40,73,18
977,27,49,9
983,41,71,16
991,26,49,12
997,34,57,8
1009,22,43,8
1013,32,59,12
1019,49,89,24
1021,28,53,8
1031,38,71,16
1033,33,59,12
1039,46,81,20
1049,45,83,24
1051,24,47,10
1061,28,55,12
1063,40,73,16
1069,32,59,12
1087,38,71,14
1091,47,79,24
1093,21,37,8
1097,33,61,12
1103,42,81,20
1109,40,69,16
1117,32,57,12
1123,29,53,12
1129,27,51,8
1151,49,91,24
1153,23,45,16
1163,28,53,12
1171,27,49,8
1181,27,53,8
1187,53,95,24
1193,29,53,8
1201,22,35,4
1213,33,59,12
1217,40,71,16
1223,48,91,24
1229,37,69,16
1231,43,79,20
1237,35,59,8
1249,28,53,10
1259,65,117,36
1277,31,59,12
1279,41,75,18
1283,32,59,12
1289,36,65,16
1291,36,61,12
1297,28,49,8
1301,36,63,16
1303,30,57,12
1307,36,65,12
1319,62,111,32
1321,21,39,12
1327,31,57,10
1361,28,53,8
1367,46,83,24
1373,31,57,8
1381,19,31,4
1399,51,89,24
1409,33,61,16
1423,38,73,12
1427,51,91,24
1429,39,75,16
1433,32,55,8
1439,68,125,36
1447,31,59,12
1451,37,67,18
1453,30,53,8
1459,33,59,12
1471,35,63,14
1481,39,75,16
1483,42,75,16
1487,47,79,20
1489,26,47,8
1493,43,77,12
1499,48,87,24
1511,62,115,32
1523,30,57,12
1531,26,47,8
1543,30,53,8
1549,35,63,12
1553,35,65,16
1559,62,113,32
1567,44,77,18
1571,31,59,12
1579,40,73,12
1583,61,107,30
1597,32,59,10
1601,26,49,12
1607,37,69,16
1609,42,75,16
1613,31,59,8
1619,59,103,30
1621,23,37,8
1627,39,67,12
1637,53,95,24
1657,31,53,8
1663,47,87,16
1667,34,61,12
1669,31,57,8
1693,33,63,12
1697,33,59,9
1699,50,91,18
1709,50,91,24
1721,36,67,16
1723,27,51,12
1733,38,69,12
1741,31,55,8
1747,40,73,12
1753,29,55,16
1759,56,99,24
1777,28,51,8
1783,33,65,16
1787,33,59,12
1789,33,61,8
1801,29,49,8
1811,34,63,12
1823,58,99,24
1831,35,63,8
1847,62,111,32
1861,35,65,12
1867,32,59,8
1871,58,107,30
1873,21,39,10
1877,28,51,8
1879,45,83,16
1889,62,115,32
1901,31,55,10
1907,43,77,18
1913,44,77,16
1931,51,87,24
1933,31,57,12
1949,57,99,24
1951,36,67,12
1973,43,79,16
1979,67,125,36
1987,42,77,12
1993,35,61,16
1997,46,79,16
1999,53,99,20
2003,28,53,12
2011,29,55,8
2017,23,37,6
2027,40,73,18
2029,44,75,16
2039,64,109,32
2053,40,69,8
2063,47,89,20
2069,55,101,24
2081,23,39,8
2083,27,49,8
2087,54,97,24
2089,40,73,16
2099,73,125,36
2111,58,103,28
2113,28,53,12
2129,36,71,16
2131,44,79,12
2137,34,57,8
2141,56,101,24
2143,41,79,16
2153,34,61,9
2161,30,51,8
2179,30,59,12
2203,47,83,18
2207,57,101,24
2213,37,67,16
2221,34,61,12
2237,36,65,14
2239,61,107,28
2243,47,87,24
2251,29,49,6
2267,59,105,30
2269,32,57,8
2273,37,69,12
2281,28,49,8
2287,52,91,20
2293,45,81,16
2297,30,57,9
2309,63,109,32
2311,34,61,12
2333,32,59,8
2339,71,123,36
2341,25,45,8
2347,30,57,10
2351,59,109,30
2357,39,69,12
2371,36,65,8
2377,34,61,12
2381,25,45,8
2383,36,65,12
2389,35,61,8
2393,52,95,24
2399,68,125,36
2411,48,85,18
2417,43,73,16
2423,38,69,16
2437,34,59,8
2441,49,85,16
2447,65,119,30
2459,52,93,24
2467,33,55,8
2473,36,65,18
2477,47,81,16
2503,31,57,8
2521,21,37,8
2531,33,61,12
2539,41,75,12
2543,49,87,20
2549,54,97,24
2551,43,79,16
2557,30,51,10
2579,60,101,24
2591,61,111,30
2593,33,55,8
2609,53,93,24
2617,45,85,16
2621,47,83,16
2633,29,55,8
2647,25,49,8
2657,27,49,12
2659,55,99,24
2663,58,103,24
2671,36,67,12
2677,44,75,8
2683,43,77,12
2687,69,121,32
2689,36,65,12
2693,40,71,12
2699,71,131,36
2707,33,61,12
2711,43,75,16
2713,39,67,8
2719,55,95,24
2729,62,115,32
2731,24,45,8
2741,31,55,8
2749,53,95,16
2753,53,97,20
2767,44,75,10
2777,32,57,8
2789,48,91,24
2791,34,63,12
2797,30,55,14
2801,30,55,8
2803,41,73,16
2819,52,95,24
2833,41,75,20
2837,48,83,16
2843,42,77,18
2851,39,71,12
2857,26,49,12
2861,45,79,16
2879,84,145,42
2887,47,81,12
2897,58,105,24
2903,56,103,24
2909,44,83,16
2917,24,45,8
2927,42,71,20
2939,71,129,36
2953,32,61,8
2957,50,89,16
2963,52,93,24
2969,66,115,32
2971,21,39,6
2999,67,121,32
3001,41,73,16
3011,38,67,12
3019,42,75,12
3023,81,145,40
3037,47,85,12
3041,46,83,18
3049,40,71,12
3061,25,41,4
3067,44,79,12
3079,68,121,32
3083,33,55,12
3089,36,65,16
3109,36,65,8
3119,76,139,40
3121,29,55,8
3137,27,49,8
3163,41,71,12
3167,75,129,36
3169,30,53,8
3181,33,53,8
3187,38,65,8
3191,68,123,32
3203,46,79,18
3209,48,87,16
3217,44,73,12
3221,36,71,12
3229,49,87,16
3251,31,59,12
3253,39,69,16
3257,35,61,12
3259,36,63,12
3271,30,53,8
3299,71,127,36
3301,35,59,8
3307,37,65,8
3313,35,63,16
3319,41,79,16
3323,41,77,12
3329,58,105,24
3331,50,89,18
3343,55,95,20
3347,56,97,24
3359,90,155,48
3361,26,47,8
3371,38,67,12
3373,44,77,16
3389,45,79,16
3391,50,87,14
3407,50,89,20
3413,36,65,8
3433,34,55,8
3449,55,99,24
3457,37,71,16
3461,39,65,12
3463,40,79,24
3467,47,81,18
3469,39,69,8
3491,39,75,18
3499,58,103,24
3511,27,51,8
3517,41,75,14
3527,72,125,36
3529,31,57,8
3533,54,93,16
3539,55,97,24
3541,40,71,16
3547,39,71,12
3557,34,57,8
3559,47,83,16
3571,34,63,12
3581,38,73,12
3583,50,93,20
3593,35,63,8
3607,55,91,16
3613,41,71,8
3617,45,81,16
3623,41,81,16
3631,36,67,10
3637,45,79,16
3643,42,75,14
3659,49,93,24
3671,71,123,32
3673,42,75,18
3677,38,67,12
3691,36,61,12
3697,38,67,8
3701,39,67,8
3709,46,81,16
3719,68,123,32
3727,35,65,10
3733,42,69,12
3739,64,113,24
3761,58,101,24
3767,42,79,16
3769,50,89,16
3779,88,159,48
3793,40,75,16
3797,42,75,12
3803,35,67,12
3821,52,95,24
3823,45,83,18
3833,55,95,16
3847,58,95,16
3851,43,79,18
3853,38,65,8
3863,67,119,32
3877,40,67,8
3881,36,63,8
3889,27,49,8
3907,31,53,8
3911,44,85,16
3917,33,59,15
3919,67,117,30
3923,50,89,18
3929,45,79,16
3931,36,63,12
3943,53,91,16
3947,58,103,24
3967,56,99,16
3989,72,125,32
4001,44,77,16
4003,58,107,24
4007,44,79,16
4013,43,79,12
4019,53,93,24
4021,33,59,8
4027,45,81,12
4049,62,111,30
4051,31,51,8
4057,41,71,12
4073,47,85,16
4079,86,151,40
4091,60,105,24
4093,47,85,24
4099,54,87,18
4111,36,67,10
4127,62,107,24
4129,50,87,16
4133,50,85,16
4139,75,133,36
4153,40,67,8
4157,72,131,32
4159,66,123,28
4177,39,67,12
4201,23,41,8
4211,66,117,30
4217,43,75,16
4219,42,77,12
4229,60,103,24
4231,49,83,12
4241,41,73,16
4243,37,63,8
4253,47,85,12
4259,53,91,24
4261,39,69,12
4271,49,91,20
4273,42,75,18
4283,74,129,36
4289,68,121,32
4297,35,65,8
4327,32,61,12
4337,41,75,12
4339,61,105,24
4349,61,107,24
4357,30,47,8
4363,43,75,12
4373,51,89,16
4391,56,99,24
4397,41,75,15
4409,71,127,36
4421,44,81,16
4423,44,81,16
4441,34,61,6
4447,39,69,12
4451,56,101,24
4457,37,67,8
4463,70,127,30
4481,41,79,16
4483,50,89,16
4493,47,83,16
4507,51,91,18
4513,41,67,16
4517,44,77,12
4519,53,93,16
4523,60,103,24
4547,45,81,12
4549,61,111,24
4561,26,47,12
4567,44,71,8
4583,52,93,16
4591,44,79,20
4597,51,95,12
4603,41,73,8
4621,28,47,8
4637,39,71,12
4639,67,121,24
4643,57,97,24
4649,59,103,24
4651,41,71,12
4657,40,65,8
4663,43,77,16
4673,55,97,16
4679,91,159,48
4691,59,103,24
4703,75,139,36
4721,36,63,12
4723,50,89,24
4729,45,81,16
4733,38,67,12
4751,85,155,40
4759,71,125,32
4783,61,107,20
4787,74,127,36
4789,29,51,8
4793,51,87,16
4799,82,145,42
4801,38,65,10
4813,42,71,12
4817,41,71,16
4831,39,69,12
4861,46,85,16
4871,67,119,32
4877,40,75,12
4889,49,85,16
4903,33,61,12
4909,32,57,8
4919,68,123,32
4931,42,77,18
4933,43,73,16
4937,44,75,12
4943,52,91,20
4951,27,53,8
4957,49,85,12
4967,69,121,32
4969,37,71,16
4973,36,63,8
4987,51,87,12
4993,44,81,16
4999,50,93,20
5003,53,95,18
5009,45,79,16
5011,49,89,12
5021,63,103,20
5023,51,89,12
5039,109,195,60
5051,35,65,12
5059,58,99,24
5077,35,57,8
5081,60,109,24
5087,64,105,24
5099,79,137,36
5101,42,73,14
5107,40,71,8
5113,42,69,16
5119,52,97,22
5147,81,141,36
5153,28,49,8
5167,55,97,20
5171,36,69,12
5179,64,115,24
5189,49,81,16
5197,53,89,14
5209,35,61,8
5227,38,69,12
5231,54,93,20
5233,34,63,12
5237,48,89,16
5261,40,71,10
5273,43,77,12
5279,91,163,48
5281,33,55,8
5297,37,65,9
5303,71,125,32
5309,58,105,24
5323,53,89,12
5333,54,97,16
5347,46,75,12
5351,46,85,16
5381,59,101,24
5387,43,79,12
5393,57,97,16
5399,97,169,48
5407,48,87,18
5413,40,67,12
5417,62,109,24
5419,38,73,12
5431,51,91,16
5437,47,81,14
5441,34,57,8
5443,45,83,18
5449,49,85,12
5471,79,143,36
5477,53,89,16
5479,49,93,16
5483,39,69,12
5501,39,73,16
5503,47,83,16
5507,67,121,30
5519,84,147,40
5521,31,55,8
5527,45,75,8
5531,42,75,12
5557,49,81,8
5563,48,91,16
5569,33,55,8
5573,46,79,8
5581,33,53,6
5591,46,85,16
5623,56,103,16
5639,76,131,32
5641,47,89,16
5647,42,73,10
5651,49,87,18
5653,47,83,16
5657,55,85,16
5659,48,87,12
5669,84,147,40
5683,57,97,18
5689,30,55,8
5693,56,101,16
5701,26,45,8
5711,81,143,40
5717,45,83,16
5737,47,79,12
5741,53,93,24
5743,36,67,10
5749,55,95,16
5779,52,91,18
5783,40,75,16
5791,50,85,12
5801,39,65,8
5807,74,131,30
5813,59,101,24
5821,46,77,12
5827,56,97,12
5839,57,105,20
5843,40,73,12
5849,80,141,36
5851,59,105,24
5857,53,87,16
5861,36,65,8
5867,43,77,18
5869,46,75,8
5879,97,165,48
5881,43,71,8
5897,36,63,9
5903,73,125,30
5923,35,65,12
5927,72,129,32
5939,92,163,48
5953,48,75,8
5981,39,75,12
5987,34,61,12
6007,31,51,8
6011,50,89,18
6029,65,115,24
6037,50,85,12
6043,51,87,16
6047,100,175,48
6053,36,61,8
6067,52,91,12
6073,37,67,18
6079,68,117,28
6089,64,113,32
6091,35,57,6
6101,49,93,16
6113,36,63,8
6121,33,53,8
6131,57,99,24
6133,45,71,8
6143,56,103,24
6151,38,69,8
6163,41,71,12
6173,63,113,24
6197,44,71,12
6199,70,121,24
6203,62,109,24
6211,35,63,8
6217,28,47,6
6221,53,89,16
6229,58,103,16
6247,56,93,16
6257,46,81,16
6263,68,123,32
6269,73,127,32
6271,63,115,24
6277,58,95,16
6287,57,101,20
6299,105,185,54
6301,41,69,8
6311,54,93,16
6317,69,123,24
6323,66,113,24
6329,43,73,16
6337,32,51,6
6343,53,97,16
6353,43,79,12
6359,70,123,32
6361,33,57,12
6367,50,93,12
6373,36,63,16
6379,59,107,24
6389,61,109,24
6397,40,73,13
6421,47,83,12
6427,29,51,6
6449,53,95,24
6451,40,65,8
6469,31,59,8
6473,57,101,16
6481,25,45,8
6491,38,67,12
6521,37,67,8
6529,40,71,8
6547,48,79,12
6551,99,175,48
6553,51,85,16
6563,41,75,12
6569,55,99,24
6571,45,75,12
6577,56,105,16
6581,36,63,8
6599,97,173,48
6607,58,99,20
6619,44,81,12
6637,38,61,10
6653,39,73,10
6659,77,131,36
6661,35,59,12
6673,48,79,12
6679,51,91,16
6689,45,85,16
6691,42,79,12
6701,28,49,8
6703,46,81,12
6709,57,97,16
6719,113,201,56
6733,49,83,16
6737,41,69,8
6761,63,109,24
6763,53,95,16
6779,59,105,24
6781,50,91,16
6791,44,77,16
6793,37,65,12
6803,78,137,36
6823,44,81,24
6827,46,79,12
6829,51,91,16
6833,46,77,16
6841,31,51,8
6857,56,99,16
6863,87,149,40
6869,50,83,16
6871,42,75,8
6883,50,91,20
6899,85,147,36
6907,48,85,12
6911,77,133,36
6917,30,57,8
6947,51,91,18
6949,47,85,12
6959,83,143,40
6961,47,75,8
6967,49,89,16
6971,62,109,24
6977,32,55,8
6983,57,109,24
6991,68,117,20
6997,46,77,16
7001,42,79,12
7013,50,89,16
7019,100,173,48
7027,47,87,12
7039,71,123,32
7043,36,67,12
7057,31,51,8
7069,51,93,16
7079,70,121,32
7103,75,135,28
7109,62,107,24
7121,39,69,8
7127,90,153,40
7129,47,81,16
7151,49,93,20
7159,60,105,16
7177,49,77,8
7187,44,81,12
7193,50,87,16
7207,62,105,16
7211,32,61,12
7213,44,79,16
7219,59,105,18
7229,47,83,16
7237,58,97,16
7243,48,85,24
7247,56,99,20
7253,68,115,24
7283,49,81,12
7297,42,71,8
7307,80,139,36
7309,50,91,16
7321,31,51,8
7331,64,109,24
7333,53,89,12
7349,80,139,36
7351,35,63,12
7369,65,117,20
7393,36,63,16
7411,47,81,12
7417,35,57,12
7433,64,113,24
7451,65,111,30
7457,54,85,16
7459,42,75,12
7477,39,73,16
7481,50,87,16
7487,91,155,42
7489,47,83,16
7499,71,129,30
7507,48,73,6
7517,55,101,16
7523,86,147,36
7529,46,85,16
7537,42,73,12
7541,47,85,12
7547,60,103,24
7549,45,81,12
7559,123,217,64
7561,35,57,8
7573,48,79,12
7577,41,77,12
7583,66,119,24
7589,72,125,32
7591,53,87,16
7603,43,75,18
7607,51,87,16
7621,43,73,18
7639,45,85,16
7643,81,141,36
7649,79,135,36
7669,45,79,16
7673,31,57,8
7681,38,65,8
7687,46,81,12
7691,46,81,12
7699,85,145,36
7703,58,101,24
7717,56,93,8
7723,38,69,12
7727,88,149,40
7741,46,83,12
7753,32,57,16
7757,41,69,12
7759,54,91,20
7789,55,95,16
7793,42,75,12
7817,48,81,12
7823,55,101,20
7829,74,131,32
7841,38,69,8
7853,80,135,32
7867,46,83,12
7873,52,99,24
7877,50,85,16
7879,58,97,16
7883,68,117,24
7901,48,89,12
7907,40,75,12
7919,116,201,60
7927,42,71,8
7933,51,87,12
7937,68,119,30
7949,64,113,24
7951,62,109,20
7963,47,87,16
7993,42,79,16
8009,53,95,24
8011,31,47,6
8017,42,73,14
8039,74,131,32
8053,45,79,12
8059,68,117,24
8069,47,87,16
8081,48,87,12
8087,48,87,16
8089,42,75,12
8093,52,95,16
8101,32,49,8
8111,73,127,30
8117,66,117,24
8123,48,85,12
8147,65,113,24
8161,41,75,16
8167,50,85,8
8171,51,93,18
8179,47,85,12
8191,39,69,14
8209,44,77,16
8219,55,95,24
8221,41,65,6
8231,73,129,32
8233,50,85,16
8237,38,69,10
8243,53,101,18
8263,41,75,16
8269,37,67,10
8273,49,89,16
8287,71,119,24
8291,48,83,12
8293,62,109,16
8297,47,81,12
8311,43,77,12
8317,39,73,16
8329,55,93,24
8353,31,53,8
8363,65,113,24
8369,75,139,32
8377,48,83,18
8387,49,83,18
8389,43,75,8
8419,46,77,12
8423,88,151,40
8429,50,87,16
8431,62,105,20
8443,40,67,8
8447,84,149,36
8461,39,67,16
8467,49,87,12
8501,52,91,16
8513,62,107,24
8521,49,79,6
8527,60,105,20
8537,38,67,12
8539,67,117,24
8543,60,105,24
8563,40,73,12
8573,41,75,12
8581,29,53,8
8597,44,73,12
8599,75,127,24
8609,74,133,32
8623,78,139,30
8627,44,77,12
8629,47,81,12
8641,39,65,8
8647,48,87,16
8663,60,109,24
8669,59,109,24
8677,41,71,16
8681,37,63,8
8689,52,91,16
8693,78,135,32
8699,81,145,36
8707,55,95,12
8713,35,59,16
8719,61,113,20
8731,48,83,12
8737,43,73,12
8741,53,89,16
8747,62,109,24
8753,50,83,8
8761,46,75,8
8779,40,71,12
8783,76,131,30
8803,49,83,12
8807,45,83,16
8819,107,185,54
8821,26,49,8
8831,78,135,32
8837,46,85,16
8839,76,133,32
8849,63,113,24
8861,45,75,16
8863,46,81,12
8867,39,71,12
8887,55,97,16
8893,43,75,8
8923,61,109,24
8929,48,89,16
8933,34,57,8
8941,40,69,8
8951,53,97,16
8963,66,115,24
8969,75,121,32
8971,31,55,8
8999,95,163,48
9001,38,63,8
9007,56,103,24
9011,39,67,12
9013,52,87,12
9029,67,117,32
9041,53,97,16
9043,70,123,24
9049,40,71,12
9059,63,117,24
9067,48,77,12
9091,38,65,8
9103,45,79,10
9109,38,69,8
9127,49,87,16
9133,48,83,24
9137,54,85,8
9151,77,135,28
9157,53,91,8
9161,53,97,12
9173,60,107,16
9181,28,49,12
9187,46,77,6
9199,73,127,30
9203,67,115,24
9209,52,91,16
9221,57,89,16
9227,42,75,12
9239,123,211,64
9241,39,61,12
9257,41,71,8
9277,42,73,14
9281,74,131,32
9283,40,71,12
9293,47,83,12
9311,65,117,24
9319,54,93,16
9323,75,133,36
9337,59,101,16
9341,56,97,16
9343,58,101,16
9349,66,117,24
9371,71,121,24
9377,49,91,12
9391,45,83,10
9397,53,91,12
9403,52,97,24
9413,46,81,12
9419,57,107,24
9421,34,61,8
9431,63,111,24
9433,44,77,16
9437,64,111,24
9439,66,113,24
9461,50,85,16
9463,58,105,24
9467,52,91,18
9473,47,79,8
9479,76,131,32
9491,56,99,24
9497,47,87,12
9511,57,101,16
9521,46,81,18
9533,64,107,16
9539,81,145,36
9547,72,121,24
9551,55,103,20
9587,70,119,24
9601,31,53,12
9613,58,101,16
9619,67,119,24
9623,54,101,16
9629,67,123,24
9631,66,121,24
9643,40,69,8
9649,37,63,12
9661,33,51,6
9677,48,81,15
9679,77,135,30
9689,77,129,32
9697,41,73,8
9719,98,175,48
9721,39,67,12
9733,53,89,16
9739,43,75,12
9743,87,155,40
9749,81,137,32
9767,76,129,32
9769,37,63,8
9781,44,69,8
9787,53,89,10
9791,94,165,42
9803,60,103,24
9811,42,69,12
9817,53,81,6
9829,36,65,8
9833,51,87,16
9839,88,155,40
9851,53,91,12
9857,54,95,16
9859,70,117,24
9871,38,69,10
9883,42,77,12
9887,70,121,24
9901,36,55,4
9907,43,73,8
9923,41,73,12
9929,48,87,16
9931,52,95,16
9941,41,71,8
9949,56,95,12
9967,51,91,20
9973,63,107,24
10007,63,115,24
10009,73,133,32
10037,51,85,16
10039,55,95,16
10061,71,125,24
10067,42,79,12
10069,61,101,16
10079,140,233,72
10091,54,91,18
10093,44,81,12
10099,55,105,18
10103,47,83,16
10111,56,95,16
10133,56,93,12
10139,79,139,36
10141,49,91,18
10151,73,129,32
10159,58,103,20
10163,86,153,36
10169,59,103,24
10177,55,95,16
10181,43,75,8
10193,37,65,8
10211,61,101,24
10223,68,119,30
10243,44,77,12
10247,75,133,32
10253,38,67,8
10259,99,173,48
10267,56,93,12
10271,65,111,24
10273,48,77,12
10289,72,133,32
10301,46,83,16
10303,71,125,28
10313,55,99,16
10321,47,81,12
10331,80,139,36
10333,51,89,16
10337,38,67,12
10343,49,85,16
10357,40,69,16
10369,54,95,16
10391,55,99,16
10399,80,137,36
10427,66,117,24
10429,55,97,16
10433,54,91,16
10453,48,83,16
10457,66,111,24
10459,45,81,12
10463,67,123,24
10477,53,87,12
10487,78,129,32
10499,101,177,48
10501,43,75,8
10513,42,73,8
10529,88,153,40
10531,41,67,6
10559,120,197,56
10567,47,81,8
10589,53,97,16
10597,44,77,12
10601,67,119,24
10607,87,149,40
10613,56,93,16
10627,35,59,6
10631,59,101,16
10639,89,151,40
10651,34,63,8
10657,62,105,16
10663,61,105,16
10667,64,113,24
10687,62,101,14
10691,86,149,36
10709,101,177,48
10711,48,85,16
10723,58,107,24
10729,53,89,16
10733,48,81,10
10739,65,111,24
10753,47,75,12
10771,53,91,20
10781,47,83,12
10789,68,115,16
10799,123,211,60
10831,44,75,10
10837,35,59,8
10847,64,111,24
10853,73,125,20
10859,62,111,24
10861,40,67,12
10867,79,129,24
10883,42,71,12
10889,76,131,36
10891,44,75,12
10903,57,97,16
10909,43,79,12
10937,41,67,8
10939,60,103,12
10949,57,99,24
10957,40,71,10
10973,56,97,16
10979,81,145,36
10987,62,105,16
10993,46,81,8
11003,65,113,24
11027,45,77,12
11047,45,77,12
11057,50,89,16
11059,65,113,24
11069,75,129,32
11071,48,81,14
11083,58,97,14
11087,117,205,60
11093,54,95,12
11113,52,91,24
11117,53,87,16
11119,64,113,20
11131,58,99,18
11149,60,111,16
11159,98,169,48
11161,31,53,8
11171,84,141,36
11173,47,85,12
11177,68,119,24
11197,53,95,20
11213,65,115,24
11239,55,97,16
11243,42,75,12
11251,52,89,12
11257,44,71,10
11261,52,85,11
11273,40,71,12
11279,88,151,40
11287,62,105,16
11299,62,103,18
11311,56,101,20
11317,46,81,16
11321,64,115,24
11329,53,87,16
11351,72,125,32
11353,37,67,8
11369,51,91,16
11383,55,99,24
11393,54,99,16
11399,95,167,48
11411,50,87,18
11423,107,183,48
11437,69,123,20
11443,45,77,16
11447,76,133,32
11467,50,83,12
11471,60,111,20
11483,86,137,36
11489,43,81,16
11491,61,101,18
11497,47,77,12
11503,53,95,16
11519,109,195,54
11527,58,101,16
11549,104,179,48
11551,48,85,18
11579,58,107,24
11587,48,81,12
11593,51,87,16
11597,44,79,15
11617,44,75,12
11621,46,85,16
11633,54,95,16
11657,63,109,16
11677,47,79,12
11681,64,115,24
11689,50,91,16
11699,115,191,54
11701,45,77,16
11717,73,127,32
11719,44,81,16
11731,50,83,12
11743,54,101,20
11777,61,103,16
11779,75,139,24
11783,48,81,16
11789,64,111,24
11801,51,89,16
11807,82,141,36
11813,55,97,16
11821,55,89,8
11827,55,87,12
11831,77,135,32
11833,61,101,12
11839,74,127,28
11863,47,89,16
11867,66,113,24
11887,43,75,10
11897,52,93,18
11903,75,125,32
11909,56,95,16
11923,62,109,18
11927,82,139,32
11933,87,155,32
11939,54,95,24
11941,28,49,8
11953,43,71,8
11959,85,139,32
11969,100,179,48
11971,44,75,12
11981,44,75,10
11987,74,131,30
12007,52,89,16
12011,97,167,48
12037,48,83,16
12041,48,89,16
12043,50,83,16
12049,50,89,12
12071,51,93,16
12073,53,91,24
12097,42,73,13
12101,37,67,12
12107,49,77,12
12109,60,97,16
12113,42,75,12
12119,81,143,32
12143,89,155,40
12149,92,161,36
12157,42,75,16
12161,35,57,8
12163,50,85,9
12197,64,107,16
12203,68,115,24
12211,59,95,12
12227,44,75,12
12239,123,211,60
12241,34,61,16
12251,49,85,12
12253,51,97,16
12263,72,133,32
12269,60,103,16
12277,37,67,8
12281,69,115,16
12289,38,63,8
12301,35,57,6
12323,60,109,24
12329,60,107,24
12343,48,81,9
12347,89,155,36
12373,69,123,24
12377,27,47,8
12379,49,85,12
12391,45,81,14
12401,62,111,24
12409,58,101,16
12413,51,87,8
12421,48,75,8
12433,32,51,8
12437,54,93,12
12451,45,79,12
12457,41,65,12
12473,93,161,40
12479,112,195,56
12487,63,105,16
12491,65,109,18
12497,43,73,9
12503,56,99,16
12511,65,111,24
12517,42,77,12
12527,97,167,40
12539,102,177,48
12541,40,71,12
12547,43,73,8
12553,48,83,20
12569,51,91,16
12577,56,95,12
12583,69,119,24
12589,41,71,8
12601,20,33,6
12611,46,79,12
12613,64,109,16
12619,48,81,12
12637,51,87,12
12641,59,101,24
12647,87,149,32
12653,65,113,24
12659,59,107,24
12671,106,187,48
12689,75,131,32
12697,48,85,12
12703,67,117,24
12713,54,97,16
12721,38,55,4
12739,87,153,36
12743,76,129,32
12757,56,91,16
12763,50,89,16
12781,49,87,16
12791,77,131,32
12799,85,149,30
12809,73,125,32
12821,42,73,12
12823,63,117,24
12829,53,95,16
12841,32,57,6
12853,48,73,8
12889,35,61,8
12893,50,91,16
12899,96,157,36
12907,40,73,12
12911,68,119,20
12917,46,81,16
12919,91,153,32
12923,57,105,18
12941,51,85,12
12953,57,97,16
12959,119,203,60
12967,58,95,12
12973,54,89,12
12979,70,117,24
12983,61,111,16
13001,42,73,16
13003,48,81,18
13007,61,99,20
13009,47,75,8
13033,62,107,16
13037,65,111,16
13043,48,79,12
13049,86,151,36
13063,58,103,16
13093,46,79,16
13099,63,111,18
13103,121,205,60
13109,78,137,32
13121,55,97,18
13127,58,99,16
13147,56,95,12
13151,63,111,24
13159,72,127,32
13163,45,79,12
13171,50,87,12
13177,48,83,8
13183,68,115,16
13187,66,115,24
13217,35,57,8
13219,56,97,12
13229,100,171,48
13241,49,87,12
13249,49,83,16
13259,106,177,48
13267,48,77,12
13291,42,75,12
13297,61,109,16
13309,66,119,16
13313,47,83,16
13327,77,131,30
13331,65,109,24
13337,81,137,32
13339,63,107,24
13367,47,85,16
13381,39,63,8
13397,78,137,32
13399,53,95,24
13411,48,87,12
13417,49,85,16
13421,39,67,8
13441,57,95,16
13451,64,113,24
13457,34,61,8
13463,99,171,48
13469,47,85,16
13477,40,69,8
13487,63,107,20
13499,111,189,48
13513,65,103,16
13523,88,147,36
13537,52,83,8
13553,48,83,16
13567,67,115,18
13577,63,107,16
13591,51,81,8
13597,63,101,18
13613,42,75,10
13619,59,113,24
13627,56,97,16
13633,45,81,16
13649,101,177,48
13669,51,91,18
13679,123,211,60
13681,33,57,8
13687,63,111,16
13691,67,109,24
13693,55,95,16
13697,40,73,12
13709,47,83,16
13711,48,83,10
13721,45,77,8
13723,61,105,18
13729,46,75,8
13751,63,117,24
13757,56,91,14
13759,82,139,28
13763,68,115,24
13781,48,77,8
13789,53,95,16
13799,111,185,48
13807,39,65,10
13829,51,93,16
13831,81,141,32
13841,44,77,12
13859,146,245,72
13873,39,71,16
13877,50,85,16
13879,49,91,16
13883,68,115,24
13901,58,101,16
13903,71,127,20
13907,72,121,24
13913,46,89,12
13921,47,81,24
13931,73,127,30
13933,46,75,8
13963,58,99,24
13967,81,137,30
13997,46,85,20
13999,101,169,40
14009,51,91,16
14011,55,97,12
14029,49,83,16
14033,49,87,11
14051,37,67,12
14057,69,121,24
14071,38,67,8
14081,35,57,8
14083,51,87,12
14087,54,95,16
14107,54,91,13
14143,85,151,28
14149,49,89,12
14153,51,97,16
14159,93,163,40
14173,62,113,30
14177,52,83,16
14197,45,77,12
14207,87,153,32
14221,42,73,8
14243,48,87,16
14249,74,127,32
14251,45,81,12
14281,32,53,12
14293,48,75,8
14303,69,113,24
14321,77,131,32
14323,45,81,12
14327,59,111,24
14341,48,83,8
14347,57,103,12
14369,48,83,16
14387,61,109,24
14389,54,95,16
14401,33,55,8
14407,54,85,8
14411,50,91,12
14419,65,115,24
14423,50,89,16
14431,61,107,24
14437,60,97,12
14447,86,149,40
14449,61,105,18
14461,51,89,8
14479,57,101,20
14489,96,165,48
14503,71,121,24
14519,104,187,48
14533,60,111,24
14537,42,75,8
14543,74,127,30
14549,79,135,24
14551,76,131,24
14557,54,99,24
14561,37,65,12
14563,54,85,12
14591,89,143,36
14593,55,91,16
14621,34,61,8
14627,67,117,24
14629,84,139,32
14633,55,89,16
14639,85,149,40
14653,42,71,8
14657,56,97,16
14669,61,115,24
14683,55,95,16
14699,109,195,54
14713,47,85,16
14717,66,111,16
14723,59,107,18
14731,56,93,12
14737,52,87,12
14741,91,165,40
14747,51,95,12
14753,51,91,12
14759,106,187,48
14767,68,115,20
14771,47,83,12
14779,51,91,14
14783,111,193,56
14797,58,97,14
14813,49,87,12
14821,41,67,12
14827,44,75,12
14831,79,141,30
14843,47,83,12
14851,48,77,12
14867,84,143,36
14869,52,95,12
14879,96,173,48
14887,39,67,8
14891,73,119,24
14897,54,93,16
14923,74,127,24
14929,51,87,16
14939,84,151,36
14947,58,103,12
14951,74,131,32
14957,63,111,20
14969,62,107,16
14983,52,91,20
15013,50,93,32
15017,39,63,8
15031,42,69,8
15053,52,91,16
15061,41,67,8
15073,56,93,18
15077,61,105,16
15083,64,109,18
15091,74,131,24
15101,47,87,12
15107,41,73,12
15121,32,53,6
15131,64,109,24
15137,52,89,18
15139,47,81,12
15149,68,111,24
15161,65,113,24
15173,51,93,16
15187,59,95,12
15193,49,87,8
15199,82,147,36
15217,49,87,12
15227,78,127,30
15233,34,63,8
15241,41,63,6
15259,69,117,24
15263,88,155,36
15269,48,87,16
15271,60,101,16
15277,52,91,10
15287,103,177,48
15289,44,85,16
15299,110,193,54
15307,59,103,16
15313,52,89,16
15319,46,81,16
15329,71,129,32
15331,43,75,8
15349,60,105,16
15359,95,159,44
15361,56,91,8
15373,40,67,16
15377,56,99,16
15383,64,109,16
15391,70,121,24
15401,52,89,16
15413,60,99,16
15427,80,135,24
15439,61,107,20
15443,105,173,48
15451,55,91,12
15461,55,91,12
15467,50,93,16
15473,50,87,8
15493,61,99,8
15497,83,145,32
15511,48,83,16
15527,48,81,16
15541,49,87,12
15551,101,177,42
15559,71,127,24
15569,63,113,24
15581,62,103,24
15583,52,85,12
15601,38,67,8
15607,46,81,12
15619,73,129,24
15629,55,99,16
15641,60,105,24
15643,46,79,16
15647,66,119,24
15649,56,101,12
15661,46,77,10
15667,33,53,6
15671,57,103,16
15679,95,161,42
15683,50,89,12
15727,57,103,12
15731,82,139,36
15733,45,77,8
15737,69,113,16
15739,54,103,16
15749,105,183,48
15761,46,81,16
15767,82,143,32
15773,67,117,16
15787,51,83,9
15791,95,169,40
15797,56,93,12
15803,56,103,18
15809,80,137,32
15817,60,93,12
15823,74,127,20
15859,75,127,24
15877,43,71,8
15881,45,73,9
15887,58,99,20
15889,52,95,16
15901,46,79,16
15907,60,97,12
15913,62,95,8
15919,60,109,20
15923,54,97,18
15937,59,103,24
15959,130,225,64
15971,64,113,24
15973,61,101,18
15991,36,67,8
16001,60,111,24
16007,80,137,32
16033,42,69,8
16057,55,101,16
16061,46,83,16
16063,76,135,32
16067,64,109,24
16069,47,83,12
16073,67,111,24
16087,63,101,8
16091,71,129,24
16097,48,85,18
16103,78,133,32
16111,76,125,20
16127,110,191,54
16139,61,101,24
16141,42,69,8
16183,66,127,24
16187,73,119,24
16189,53,97,14
16193,39,69,9
16217,63,109,24
16223,98,167,36
16229,47,85,16
16231,42,75,8
16249,63,107,20
16253,83,145,32
16267,71,123,18
16273,54,93,24
16301,85,145,32
16319,116,203,56
16333,65,109,24
16339,70,119,24
16349,73,129,24
16361,58,97,20
16363,32,59,8
16369,38,71,12
16381,28,47,8
16411,57,97,12
16417,39,65,8
16421,81,133,32
16427,53,93,18
16433,71,123,24
16447,63,105,14
16451,54,95,18
16453,51,89,12
16477,68,113,16
16481,62,103,16
16487,67,115,24
16493,32,61,8
16519,81,139,32
16529,81,139,32
16547,65,117,24
16553,66,117,16
16561,48,87,18
16567,61,103,16
16573,65,113,24
16603,60,109,20
16607,76,133,24
16619,67,119,24
16631,131,221,64
16633,40,65,8
16649,86,147,36
16651,53,93,16
16657,42,73,18
16661,33,59,8
16673,63,111,16
16691,72,121,24
16693,59,103,24
16699,63,113,18
16703,92,159,42
16729,62,111,18
16741,49,81,16
16747,69,105,12
16759,54,103,16
16763,75,133,24
16787,53,91,12
16811,57,103,18
16823,49,93,16
16829,104,181,48
16831,51,93,14
16843,53,85,12
16871,84,147,32
16879,64,111,20
16883,84,143,36
16889,51,93,16
16901,54,97,16
16903,49,91,24
16921,29,41,4
16927,71,127,20
16931,76,121,24
16937,53,97,18
16943,62,105,20
16963,62,111,24
16979,60,113,24
16981,64,109,16
16987,62,101,12
16993,56,95,16
17011,46,81,8
17021,45,81,16
17027,86,145,36
17029,47,89,16
17033,60,97,16
17041,43,73,16
17047,49,87,12
17053,37,69,12
17077,67,109,16
17093,86,147,32
17099,110,191,54
17107,78,137,24
17117,65,113,16
17123,49,83,12
17137,54,95,16
17159,128,223,64
17167,78,129,20
17183,58,107,24
17189,64,117,24
17191,57,99,16
17203,74,131,24
17207,53,91,24
17209,38,65,8
17231,52,95,20
17239,51,91,16
17257,50,79,8
17291,66,113,24
17293,48,77,10
17299,58,101,18
17317,45,79,9
17321,55,93,18
17327,87,149,30
17333,71,117,20
17341,60,107,16
17351,67,121,24
17359,94,159,40
17377,45,79,12
17383,65,117,16
17387,111,191,48
17389,59,105,16
17393,53,91,16
17401,50,85,16
17417,36,65,12
17419,82,139,24
17431,44,77,12
17443,58,101,18
17449,48,83,12
17467,60,99,13
17471,119,197,56
17477,49,89,16
17483,65,117,24
17489,77,131,32
17491,50,85,16
17497,51,89,14
17509,67,113,16
17519,91,159,40
17539,60,105,12
17551,39,69,12
17569,61,105,16
17573,66,119,16
17579,53,95,24
17581,45,73,8
17597,63,111,21
17599,95,161,42
17609,63,111,16
17623,50,89,16
17627,73,127,24
17657,64,109,20
17659,54,97,12
17669,77,135,32
17681,54,91,16
17683,41,75,16
17707,65,113,16
17713,47,73,8
17729,71,129,24
17737,68,111,12
17747,92,159,36
17749,60,107,16
17761,51,85,8
17783,107,179,48
17789,51,89,16
17791,59,101,16
17807,93,159,40
17827,44,77,12
17837,37,69,12
17839,60,105,20
17851,36,67,10
17863,76,137,32
17881,36,59,6
17891,90,147,36
17903,61,101,20
17909,69,119,24
17911,49,85,8
17921,53,87,16
17923,43,77,12
17929,62,105,16
17939,111,185,48
17957,65,97,16
17959,58,95,16
17971,46,83,8
17977,61,99,12
17981,70,123,24
17987,43,77,12
17989,64,103,16
18013,41,73,10
18041,52,83,16
18043,53,89,12
18047,79,139,32
18049,65,111,18
18059,102,173,48
18061,40,71,10
18077,60,105,16
18089,85,153,32
18097,42,67,8
18119,80,141,32
18121,59,101,16
18127,58,103,20
18131,34,65,12
18133,67,111,24
18143,128,219,60
18149,83,141,36
18169,55,99,16
18181,50,81,16
18191,66,117,20
18199,104,183,48
18211,56,97,12
18217,40,67,6
18223,76,139,21
18229,44,79,8
18233,49,87,12
18251,81,135,36
18253,40,65,8
18257,55,93,16
18269,110,189,48
18287,86,147,30
18289,69,115,16
18301,47,83,16
18307,48,85,12
18311,86,149,32
18313,53,93,24
18329,85,145,32
18341,44,79,12
18353,85,147,32
18367,81,135,28
18371,49,83,12
18379,52,87,12
18397,48,79,18
18401,46,75,8
18413,81,139,32
18427,71,111,12
18433,46,77,8
18439,54,99,16
18443,78,137,24
18451,40,71,12
18457,56,97,12
18461,64,107,16
18481,36,57,8
18493,54,95,16
18503,67,115,24
18517,53,87,8
18521,91,159,32
18523,67,117,24
18539,74,137,36
18541,44,71,8
18553,51,77,8
18583,76,131,24
18587,52,87,12
18593,43,75,12
18617,66,111,18
18637,57,93,12
18661,62,99,16
18671,61,107,20
18679,53,97,16
18691,50,87,12
18701,47,87,12
18713,45,83,12
18719,146,253,72
18731,66,117,24
18743,80,145,32
18749,68,123,24
18757,64,107,16
18773,67,115,24
18787,72,125,24
18793,42,71,16
18797,71,115,16
18803,42,71,12
18839,76,133,32
18859,75,127,24
18869,87,147,32
18899,142,251,72
18911,64,113,24
18913,52,91,16
18917,59,101,16
18919,85,149,32
18947,51,83,12
18959,92,163,40
18973,63,109,24
18979,76,133,24
19001,46,79,9
19009,47,75,8
19013,48,75,8
19031,91,153,32
19037,68,119,24
19051,59,103,12
19069,50,89,12
19073,68,121,24
19079,103,175,48
19081,53,91,16
19087,62,113,16
19121,39,69,8
19139,101,171,48
19141,46,75,8
19157,64,109,16
19163,43,79,12
19181,63,103,16
19183,72,119,20
19207,68,117,20
19211,53,87,12
19213,60,103,24
19219,71,117,18
19231,41,75,12
19237,67,109,16
19249,84,145,32
19259,82,147,36
19267,44,75,8
19273,57,97,12
19289,68,119,16
19301,57,99,16
19309,55,95,10
19319,126,219,64
19333,45,73,8
19373,51,89,10
19379,108,187,48
19381,53,91,16
19387,71,113,12
19391,73,125,28
19403,113,191,54
19417,52,93,16
19421,63,113,24
19423,57,107,24
19427,51,89,12
19429,65,115,16
19433,73,125,16
19441,27,41,5
19447,80,137,32
19457,72,127,24
19463,55,97,16
19469,79,135,32
19471,44,77,10
19477,56,87,8
19483,54,89,12
19489,48,81,8
19501,56,101,12
19507,47,77,8
19531,48,83,12
19541,53,87,8
19543,68,115,16
19553,35,65,8
19559,69,127,32
19571,70,125,24
19577,65,109,16
19583,105,179,48
19597,64,111,21
19603,55,95,18
19609,54,91,16
19661,66,107,16
19681,55,91,10
19687,66,109,16
19697,67,115,24
19699,67,117,18
19709,87,151,32
19717,49,87,16
19727,76,127,30
19739,104,179,48
19751,56,103,16
19753,68,115,16
19759,99,173,40
19763,81,137,30
19777,68,117,16
19793,43,79,10
19801,43,71,16
19813,50,79,8
19819,51,89,12
19841,52,89,14
19843,84,145,30
19853,53,95,12
19861,45,73,8
19867,43,81,12
19889,102,171,48
19891,49,79,8
19913,43,77,8
19919,89,157,40
19927,62,109,16
19937,51,87,8
19949,106,187,48
19961,55,99,12
19963,82,141,24
19973,53,93,12
19979,109,187,48
19991,110,187,48
19993,40,75,16
19997,70,127,24
20011,32,59,8
20021,52,87,16
20023,51,91,18
20029,59,95,8
20047,68,115,20
20051,55,97,18
20063,110,185,48
20071,53,93,16
20089,78,131,24
20101,45,73,12
20107,53,91,12
20113,60,109,16
20117,58,105,16
20123,96,163,36
20129,76,133,32
20143,52,97,16
20147,68,119,24
20149,76,129,24
20161,39,73,16
20173,64,113,16
20177,69,113,24
20183,66,115,24
20201,75,125,32
20219,64,115,24
20231,67,117,24
20233,55,93,16
20249,98,167,40
20261,60,103,16
20269,47,83,8
20287,50,87,14
20297,71,123,18
20323,52,91,12
20327,112,195,48
20333,50,89,12
20341,37,61,8
20347,60,115,24
20353,46,79,16
20357,79,139,32
20359,55,95,16
20369,74,135,32
20389,45,77,8
20393,80,131,24
20399,126,213,60
20407,46,79,10
20411,97,169,42
20431,50,87,12
20441,43,73,8
20443,66,111,16
20477,42,71,13
20479,78,135,26
20483,53,95,18
20507,46,81,12
20509,61,107,16
20521,28,43,8
20533,68,111,12
20543,74,123,28
20549,66,115,24
20551,56,103,16
20563,66,107,12
20593,34,61,8
20599,74,133,24
20611,58,89,8
20627,68,119,24
20639,107,179,48
20641,46,73,8
20663,103,183,48
20681,55,101,16
20693,49,83,8
20707,64,111,16
20717,55,99,20
20719,102,171,40
20731,64,107,12
20743,54,97,12
20747,101,171,48
20749,56,97,16
20753,54,89,12
20759,74,133,32
20771,55,97,18
20773,75,125,16
20789,136,231,64
20807,88,149,36
20809,35,65,8
20849,71,123,24
20857,46,79,12
20873,73,127,24
20879,122,217,60
20887,58,101,16
20897,79,135,24
20899,91,153,36
20903,82,141,32
20921,63,107,16
20929,75,127,32
20939,70,125,24
20947,58,89,8
20959,76,129,24
20963,48,87,12
20981,58,97,16
20983,60,101,16
21001,40,63,6
21011,66,117,24
21013,59,105,16
21017,61,103,16
21019,63,115,24
21023,89,157,36
21031,63,105,16
21059,125,209,60
21061,49,85,16
21067,65,103,12
21089,77,135,32
21101,47,77,12
21107,60,107,12
21121,32,51,8
21139,76,135,24
21143,52,91,16
21149,92,157,36
21157,65,103,12
21163,81,145,24
21169,61,99,16
21179,66,115,24
21187,49,79,8
21191,51,91,16
21193,59,95,16
21211,38,61,10
21221,63,111,20
21227,80,131,24
21247,73,125,18
21269,52,95,16
21277,55,95,24
21283,62,111,24
21313,58,105,24
21317,86,149,32
21319,88,149,32
21323,42,75,12
21341,51,83,12
21347,63,111,18
21377,49,85,16
21379,46,85,12
21383,114,201,48
21391,54,95,20
21397,57,95,12
21401,71,117,24
21407,73,131,24
21419,141,243,72
21433,45,77,8
21467,53,89,12
21481,58,105,24
21487,74,129,20
21491,60,107,24
21493,57,93,8
21499,68,121,24
21503,107,189,44
21517,61,101,16
21521,62,107,16
21523,65,113,24
21529,38,61,8
21557,59,99,24
21559,112,187,48
21563,60,107,18
21569,56,103,16
21577,51,81,12
21587,69,121,24
21589,60,101,16
21599,146,261,72
21601,43,75,8
21611,46,75,12
21613,49,85,16
21617,56,95,12
21647,91,153,40
21649,54,91,12
21661,50,83,12
21673,34,57,18
21683,67,111,24
21701,38,63,8
21713,88,155,32
21727,71,123,24
21737,41,63,8
21739,41,75,12
21751,49,85,10
21757,67,119,18
21767,56,97,16
21773,69,117,16
21787,63,101,12
21799,76,137,24
21803,68,117,24
21817,35,59,8
21821,55,95,14
21839,160,273,80
21841,25,43,8
21851,55,101,18
21859,62,107,12
21863,60,105,16
21871,48,83,10
21881,48,85,16
21893,68,119,16
21911,75,133,32
21929,78,135,32
21937,62,107,8
21943,76,141,32
21961,47,77,8
21977,88,155,32
21991,52,89,8
21997,63,111,20
22003,51,89,16
22013,63,115,16
22027,63,103,12
22031,115,199,50
22037,55,95,16
22039,91,155,32
22051,51,81,12
22063,66,113,20
22067,58,99,18
22073,71,117,16
22079,119,203,56
22091,66,113,24
22093,51,89,12
22109,78,137,32
22111,65,117,24
22123,59,101,16
22129,42,77,8
22133,93,157,32
22147,72,127,18
22153,65,113,16
22157,45,79,12
22159,65,115,20
22171,57,99,16
22189,60,105,16
22193,63,113,20
22229,116,197,48
22247,84,143,32
22259,107,187,48
22271,92,161,36
22273,75,137,30
22277,53,87,16
22279,51,87,16
22283,63,107,18
22291,48,83,8
22303,67,117,24
22307,84,147,36
22343,105,187,48
22349,78,137,24
22367,63,105,24
22369,40,73,12
22381,52,85,12
22391,61,109,24
22397,61,109,24
22409,79,133,32
22433,49,83,9
22441,39,69,12
22447,70,113,20
22453,57,93,12
22469,82,143,32
22481,55,95,12
22483,71,117,24
22501,42,67,8
22511,94,159,40
22531,56,103,16
22541,64,109,24
22543,52,91,16
22549,74,121,24
22567,100,163,32
22571,108,185,48
22573,51,93,24
22613,53,85,8
22619,102,173,48
22621,41,71,12
22637,87,145,32
22639,66,113,20
22643,94,161,36
22651,58,105,12
22669,51,91,12
22679,158,275,80
22691,69,115,24
22697,74,127,24
22699,70,123,18
22709,51,93,16
22717,51,85,14
22721,59,105,16
22727,59,103,16
22739,71,123,24
22741,64,103,18
22751,79,141,36
22769,102,179,48
22777,46,85,12
22783,78,139,24
22787,71,127,24
22807,38,61,8
22811,51,91,12
22817,37,65,12
22853,51,93,16
22859,86,151,36
22861,45,75,16
22871,69,117,16
22877,88,151,24
22901,63,101,16
22907,82,131,24
22921,60,97,10
22937,45,77,12
22943,70,125,24
22961,56,89,16
22963,56,91,12
22973,59,101,16
22993,47,85,24
23003,79,133,30
23011,54,89,12
23017,60,93,8
23021,62,107,16
23027,72,125,24
23029,73,123,24
23039,131,219,60
23041,40,61,8
23053,69,111,16
23057,76,131,32
23059,40,71,12
23063,80,139,24
23071,71,123,24
23081,58,101,12
23087,95,159,40
23099,145,251,72
23117,55,95,15
23131,48,77,8
23143,61,97,16
23159,82,145,32
23167,60,105,16
23173,59,99,18
23189,46,85,16
23197,58,109,18
23201,50,89,16
23203,61,111,32
23209,60,101,16
23227,48,85,12
23251,40,75,12
23269,49,83,16
23279,83,147,40
23291,57,97,18
23293,56,95,16
23297,52,89,16
23311,63,105,20
23321,74,127,24
23327,98,165,42
23333,50,79,8
23339,70,123,24
23357,68,121,16
23369,89,149,32
23371,47,91,18
23399,144,251,72
23417,58,97,12
23431,69,115,16
23447,52,93,16
23459,110,181,48
23473,55,93,12
23497,56,97,12
23509,49,81,8
23531,71,119,24
23537,52,89,12
23539,79,139,24
23549,64,113,24
23557,52,87,16
23561,106,179,48
23563,39,65,12
23567,67,123,20
23581,48,79,12
23593,62,111,24
23599,72,121,30
23603,70,123,24
23609,44,79,16
23623,69,123,32
23627,72,119,24
23629,67,111,16
23633,72,119,24
23663,91,157,40
23669,73,123,24
23671,54,95,16
23677,65,103,16
23687,106,185,48
23689,61,103,16
23719,54,91,16
23741,52,95,14
23743,78,135,28
23747,68,117,12
23753,61,99,16
23761,43,65,6
23767,45,79,12
23773,49,81,12
23789,81,137,32
23801,44,77,8
23813,99,167,36
23819,66,115,24
23827,81,135,24
23831,73,125,24
23833,59,101,16
23857,62,99,12
23869,78,143,32
23873,57,95,16
23879,82,137,32
23887,64,99,10
23893,66,117,20
23899,73,127,18
23909,50,91,16
23911,79,131,24
23917,60,111,20
23929,57,89,8
23957,75,131,24
23971,61,103,12
23977,60,93,12
23981,59,101,16
23993,76,127,24
24001,50,91,16
24007,59,101,10
24019,61,107,16
24023,132,229,64
24029,82,141,32
24043,51,87,16
24049,70,113,24
24061,46,75,10
24071,86,147,32
24077,51,93,20
24083,71,123,24
24091,41,71,12
24097,72,109,8
24103,59,105,16
24107,84,145,36
24109,53,99,16
24113,49,87,16
24121,53,93,16
24133,58,95,8
24137,68,119,20
24151,49,87,8
24169,46,77,8
24179,102,175,48
24181,46,75,8
24197,64,107,18
24203,56,101,12
24223,65,117,24
24229,54,93,8
24239,102,181,40
24247,66,111,16
24251,85,139,24
24281,68,121,24
24317,78,141,24
24329,61,107,16
24337,56,89,16
24359,127,219,64
24371,63,113,18
24373,59,109,20
24379,76,135,24
24391,55,89,8
24407,80,141,32
24413,64,111,16
24419,105,177,48
24421,48,81,8
24439,84,143,32
24443,91,155,36
24469,54,97,16
24473,50,93,12
24481,41,59,4
24499,96,157,36
24509,87,145,32
24517,65,111,16
24527,94,165,40
24533,77,125,24
24547,70,123,18
24551,104,175,48
24571,25,45,6
24593,62,105,12
24611,65,115,24
24623,120,205,50
24631,60,111,24
24659,89,151,36
24671,84,141,24
24677,55,103,16
24683,76,133,36
24691,48,79,12
24697,51,85,16
24709,66,105,16
24733,69,115,16
24749,114,205,48
24763,77,127,16
24767,97,167,42
24781,30,53,8
24793,76,141,24
24799,93,163,36
24809,51,89,16
24821,72,123,24
24841,49,81,18
24847,62,111,12
24851,71,119,24
24859,63,113,24
24877,59,97,10
24889,51,89,16
24907,64,115,12
24917,54,95,16
24919,91,159,32
24923,75,127,24
24943,55,97,16
24953,59,103,16
24967,47,87,16
24971,46,85,12
24977,59,91,16
24979,61,99,12
24989,115,189,48
25013,68,117,16
25031,83,135,32
25033,35,59,8
25037,73,129,24
25057,64,105,16
25073,70,129,24
25087,83,139,30
25097,68,107,16
25111,58,101,16
25117,48,83,12
25121,71,117,16
25127,74,127,24
25147,48,85,8
25153,62,103,24
25163,68,117,24
25169,55,99,16
25171,82,137,24
25183,64,113,16
25189,62,115,16
25219,75,125,24
25229,67,123,24
25237,52,83,8
25243,53,99,32
25247,67,119,24
25253,76,131,24
25261,48,81,12
25301,38,65,8
25303,47,87,16
25307,101,163,36
25309,55,99,16
25321,42,75,8
25339,73,127,24
25343,123,215,54
25349,90,151,36
25357,70,109,10
25367,80,139,32
25373,63,113,16
25391,75,127,30
25409,113,193,48
25411,45,77,8
25423,76,133,20
25439,106,181,48
25447,69,107,8
25453,68,111,16
25457,57,97,12
25463,59,101,16
25469,68,121,24
25471,62,105,16
25523,63,103,18
25537,59,93,8
25541,90,153,32
25561,38,65,12
25577,90,149,36
25579,49,87,12
25583,102,175,40
25589,60,103,16
25601,63,99,16
25603,62,107,12
25609,53,89,16
25621,53,87,16
25633,51,91,12
25639,66,119,24
25643,57,97,12
25657,49,73,6
25667,89,155,36
25673,63,113,16
25679,94,159,40
25693,59,103,12
25703,139,237,64
25717,67,113,16
25733,53,89,12
25741,45,71,8
25747,62,101,12
25759,105,183,48
25763,66,111,24
25771,70,119,12
25793,53,93,16
25799,111,191,48
25801,67,111,16
25819,55,97,12
25841,51,87,16
25847,81,135,24
25849,74,127,24
25867,61,103,14
25873,55,95,24
25889,51,95,16
25903,53,93,16
25913,67,123,16
25919,143,253,70
25931,47,83,16
25933,61,107,32
25939,51,87,12
25943,83,137,32
25951,56,93,12
25969,82,131,24
25981,51,85,16
25997,63,111,20
25999,94,169,40
26003,73,121,24
26017,49,83,18
26021,56,83,8
26029,63,99,16
26041,47,71,8
26053,52,91,16
26083,54,89,16
26099,120,205,54
26107,62,99,12
26111,93,159,40
26113,45,73,8
26119,59,105,16
26141,57,97,12
26153,47,85,12
26161,63,105,20
26171,59,103,18
26177,61,107,24
26183,55,95,16
26189,81,145,32
26203,46,79,17
26209,35,63,8
26227,50,87,12
26237,48,87,16
26249,91,153,40
26251,39,65,6
26261,54,95,12
26263,77,135,24
26267,81,137,24
26293,54,85,8
26297,67,119,16
26309,66,123,16
26317,65,107,20
26321,54,89,16
26339,61,105,24
26347,55,97,12
26357,67,105,16
26371,48,79,12
26387,72,123,18
26393,61,101,16
26399,147,251,72
26407,45,77,8
26417,85,141,32
26423,71,133,24
26431,78,139,28
26437,57,91,8
26449,71,123,18
26459,147,249,72
26479,72,127,20
26489,54,93,16
26497,53,87,12
26501,56,97,16
26513,65,109,16
26539,65,111,12
26557,65,117,14
26561,69,125,16
26573,56,93,16
26591,68,121,24
26597,96,165,32
26627,60,105,24
26633,65,109,16
26641,60,99,16
26647,77,127,20
26669,88,147,32
26681,36,61,8
26683,56,97,12
26687,85,143,28
26693,71,117,12
26699,95,163,36
26701,65,109,16
26711,105,183,48
26713,60,105,16
26717,69,111,16
26723,76,131,24
26729,103,179,48
26731,56,93,16
26737,61,99,12
26759,79,139,32
26777,53,89,12
26783,112,193,48
26801,34,61,12
26813,58,99,16
26821,39,61,8
26833,61,93,8
26839,90,153,32
26849,68,119,24
26861,83,143,24
26863,74,133,20
26879,146,251,72
26881,50,87,12
26891,78,137,30
26893,59,109,16
26903,84,143,32
26921,61,109,16
26927,128,213,60
26947,45,81,18
26951,49,85,16
26953,57,83,12
26959,84,147,20
26981,43,81,12
26987,67,113,24
26993,64,107,16
27011,57,99,12
27017,85,143,24
27031,48,81,16
27043,64,103,12
27059,109,189,48
27061,46,79,12
27067,56,95,12
27073,40,65,18
27077,52,89,8
27091,49,87,12
27103,99,171,36
27107,67,111,24
27109,63,99,8
27127,42,75,12
27143,108,187,48
27179,89,163,36
27191,87,149,32
27197,72,121,21
27211,53,87,14
27239,81,137,32
27241,64,99,8
27253,64,107,16
27259,79,147,24
27271,47,87,16
27277,64,109,20
27281,43,69,8
27283,73,119,16
27299,151,255,72
27329,49,85,16
27337,63,99,8
27361,42,67,8
27367,70,121,16
27397,76,125,16
27407,51,91,20
27409,40,71,12
27427,55,87,8
27431,90,161,32
27437,68,115,20
27449,97,161,36
27457,47,79,12
27479,86,149,32
27481,59,95,16
27487,72,129,24
27509,79,137,32
27527,104,163,32
27529,51,97,24
27539,125,211,60
27541,49,77,8
27551,114,193,48
27581,42,69,8
27583,74,121,14
27611,90,153,36
27617,51,81,10
27631,80,131,20
27647,106,183,44
27653,62,99,16
27673,72,125,24
27689,90,151,32
27691,72,127,24
27697,52,87,8
27701,91,147,28
27733,62,101,12
27737,77,129,24
27739,64,117,24
27743,85,149,36
27749,90,145,32
27751,51,89,12
27763,53,91,12
27767,86,139,32
27773,61,113,16
27779,68,119,24
27791,86,147,30
27793,61,103,16
27799,79,133,24
27803,79,137,24
27809,85,149,32
27817,50,89,12
27823,80,141,24
27827,60,107,18
27847,55,87,12
27851,69,119,24
27883,62,107,24
27893,56,95,9
27901,46,77,8
27917,83,143,32
27919,61,113,20
27941,57,93,12
27943,79,137,24
27947,75,131,24
27953,50,87,12
27961,73,123,16
27967,92,149,28
27983,94,165,40
27997,66,119,24
28001,49,83,16
28019,68,117,24
28027,101,169,36
28031,97,161,32
28051,39,71,8
28057,49,79,12
28069,64,113,16
28081,49,87,16
28087,42,67,8
28097,65,119,24
28099,67,119,18
28109,55,97,16
28111,66,109,20
28123,82,131,18
28151,110,191,48
28163,54,93,12
28181,84,143,32
28183,57,103,16
28201,50,91,16
28211,56,101,16
28219,71,125,24
28229,60,97,16
28277,53,91,16
28279,82,143,32
28283,49,87,12
28289,92,151,32
28297,57,93,8
28307,68,115,24
28309,61,103,16
28319,113,195,48
28349,129,217,60
28351,59,97,14
28387,67,109,12
28393,39,65,12
28403,71,127,24
28409,58,101,16
28411,59,105,24
28429,53,91,16
28433,62,111,16
28439,107,179,48
28447,78,133,24
28463,58,107,20
28477,55,93,14
28493,54,99,12
28499,110,181,48
28513,54,87,8
28517,79,137,24
28537,57,99,16
28541,71,121,16
28547,93,159,36
28549,57,99,12
28559,158,269,80
28571,49,89,12
28573,63,115,18
28579,54,91,12
28591,58,103,10
28597,70,113,24
28603,36,57,8
28607,80,145,28
28619,116,197,48
28621,44,77,16
28627,57,95,12
28631,62,107,16
28643,110,191,48
28649,76,133,24
28657,60,103,16
28661,61,103,16
28663,68,125,36
28669,73,123,16
28687,79,129,20
28697,60,103,18
28703,112,185,48
28711,60,101,16
28723,77,127,16
28729,80,137,24
28751,70,119,20
28753,64,111,20
28759,71,117,16
28771,50,83,12
28789,53,97,12
28793,59,103,10
28807,72,127,16
28813,48,79,16
28817,56,99,12
28837,48,83,16
28843,48,79,12
28859,116,205,48
28867,49,83,12
28871,80,139,24
28879,81,143,30
28901,43,75,8
28909,72,127,24
28921,27,43,8
28927,78,119,18
28933,72,119,16
28949,83,143,24
28961,48,85,12
28979,147,251,72
29009,47,87,16
29017,45,75,8
29021,63,111,16
29023,69,127,24
29027,82,139,24
29033,64,105,12
29059,44,79,12
29063,73,133,32
29077,70,111,16
29101,56,95,12
29123,60,101,18
29129,52,87,16
29131,56,95,16
29137,75,117,12
29147,72,131,24
29153,66,115,16
29167,54,93,12
29173,48,83,12
29179,69,113,12
29191,60,99,16
29201,70,121,16
29207,56,103,16
29209,68,119,16
29221,62,107,12
29231,133,229,60
29243,52,89,12
29251,58,97,12
29269,56,91,8
29287,67,115,16
29297,59,97,16
29303,106,177,48
29311,65,109,16
29327,87,149,40
29333,65,103,8
29339,83,149,36
29347,90,143,24
29363,50,91,12
29383,51,89,12
29387,67,115,24
29389,65,111,10
29399,146,253,72
29401,55,91,18
29411,97,161,36
29423,66,115,20
29429,85,145,32
29437,74,111,18
29443,59,97,16
29453,48,87,10
29473,52,91,18
29483,130,221,60
29501,70,125,24
29527,47,79,12
29531,87,135,24
29537,58,105,16
29567,131,223,64
29569,38,65,8
29573,86,143,24
29581,53,89,12
29587,67,113,12
29599,102,183,36
29611,52,83,12
29629,53,95,16
29633,64,109,16
29641,51,81,8
29663,98,175,36
29669,89,145,32
29671,54,95,16
29683,59,93,12
29717,66,113,24
29723,56,99,12
29741,59,99,15
29753,83,147,32
29759,122,201,56
29761,34,55,8
29789,67,127,24
29803,45,77,12
29819,97,175,48
29833,67,117,32
29837,67,103,10
29851,60,105,12
29863,63,107,16
29867,78,131,24
29873,76,123,16
29879,112,195,48
29881,64,97,8
29917,65,115,24
29921,51,85,18
29927,89,145,32
29947,59,99,14
29959,83,141,32
29983,62,109,14
29989,51,89,8
30011,74,123,24
30013,72,125,24
30029,134,227,64
30047,83,139,24
30059,79,135,36
30071,84,147,32
30089,87,147,32
30091,53,99,16
30097,54,93,16
30103,77,125,16
30109,35,61,8
30113,58,105,24
30119,79,147,32
30133,71,127,24
30137,47,79,12
30139,84,143,24
30161,60,99,16
30169,61,111,16
30181,55,91,16
30187,62,97,9
30197,64,109,16
30203,68,111,18
30211,70,127,24
30223,63,119,24
30241,47,69,8
30253,48,85,8
30259,78,135,24
30269,56,99,16
30271,79,135,28
30293,108,187,40
30307,50,85,8
30313,56,101,16
30319,68,113,20
30323,88,151,36
30341,59,99,16
30347,72,123,24
30367,67,117,24
30389,66,109,16
30391,72,125,16
30403,56,97,12
30427,51,95,24
30431,61,105,24
30449,113,199,48
30467,42,75,12
30469,70,121,16
30491,123,207,54
30493,61,103,16
30497,92,153,32
30509,84,141,32
30517,59,95,16
30529,58,97,16
30539,65,111,24
30553,55,93,24
30557,69,119,16
30559,79,139,24
30577,55,85,12
30593,53,91,10
30631,46,85,16
30637,48,73,10
30643,70,113,16
30649,53,93,12
30661,34,53,6
30671,92,161,40
30677,60,103,16
30689,106,183,48
30697,63,97,10
30703,71,125,20
30707,62,109,18
30713,41,75,8
30727,70,109,16
30757,52,89,16
30763,50,83,16
30773,61,103,16
30781,50,81,12
30803,73,123,24
30809,74,127,32
30817,51,81,12
30829,67,109,10
30839,81,141,32
30841,52,93,12
30851,61,109,18
30853,78,133,24
30859,54,95,12
30869,116,197,48
30871,66,117,16
30881,62,99,11
30893,63,105,16
30911,132,225,56
30931,80,137,24
30937,80,131,24
30941,65,117,20
30949,61,109,12
30971,74,125,24
30977,47,81,12
30983,56,99,16
31013,49,83,12
31019,110,189,48
31033,54,81,8
31039,76,139,28
31051,49,85,12
31063,74,123,16
31069,65,107,16
31079,132,223,64
31081,31,51,8
31091,51,93,12
31121,118,199,48
31123,50,91,16
31139,92,161,36
31147,57,103,12
31151,93,163,40
31153,64,105,16
31159,89,159,32
31177,61,105,16
31181,52,91,20
31183,76,139,40
31189,59,93,8
31193,54,91,12
31219,62,111,24
31223,69,113,16
31231,82,135,20
31237,76,125,16
31247,131,227,60
31249,56,97,14
31253,58,97,16
31259,69,125,24
31267,48,75,8
31271,62,107,16
31277,70,123,20
31307,67,115,12
31319,136,233,64
31321,50,81,8
31327,71,129,24
31333,54,81,8
31337,62,107,12
31357,53,89,24
31379,67,115,24
31387,97,151,24
31391,90,159,36
31393,57,109,32
31397,57,89,12
31469,45,85,16
31477,46,79,8
31481,89,151,32
31489,59,99,16
31511,82,141,32
31513,56,95,16
31517,71,127,24
31531,61,99,10
31541,50,83,16
31543,39,69,12
31547,76,127,24
31567,65,107,16
31573,62,101,12
31583,113,191,48
31601,64,113,16
31607,81,139,24
31627,39,67,8
31643,67,113,24
31649,69,119,24
31657,61,97,8
31663,68,115,12
31667,116,197,48
31687,81,131,16
31699,58,101,18
31721,64,111,16
31723,80,141,24
31727,67,111,20
31729,60,97,16
31741,56,95,10
31751,130,227,60
31769,70,127,24
31771,72,121,18
31793,52,89,16
31799,111,199,48
31817,67,105,12
31847,69,119,18
31849,92,157,36
31859,114,195,48
31873,62,105,20
31883,54,91,12
31891,78,127,24
31907,57,93,12
31957,72,123,16
31963,58,99,12
31973,62,109,12
31981,54,85,8
31991,96,161,32
32003,89,159,36
32009,86,149,32
32027,72,121,24
32029,60,109,24
32051,59,97,12
32057,72,123,24
32059,78,131,24
32063,74,129,28
32069,59,101,16
32077,73,113,12
32083,75,129,24
32089,59,99,8
32099,95,161,36
32117,64,109,16
32119,96,165,32
32141,58,101,16
32143,77,135,30
32159,109,185,48
32173,69,123,36
32183,91,157,32
32189,86,145,32
32191,66,113,18
32203,59,99,16
32213,97,157,32
32233,69,107,16
32237,81,141,20
32251,43,79,14
32257,55,89,6
32261,73,115,16
32297,66,115,18
32299,99,167,36
32303,74,135,20
32309,74,127,24
32321,50,75,8
32323,55,93,12
32327,72,129,24
32341,34,59,8
32353,59,99,12
32359,77,131,16
32363,96,159,36
32369,86,151,32
32371,51,93,16
32377,42,69,8
32381,81,151,24
32401,38,61,8
32411,70,111,24
32413,71,109,8
32423,81,151,32
32429,92,157,32
32441,60,91,12
32443,61,107,24
32467,72,115,12
32479,119,203,48
32491,45,73,8
32497,56,95,14
32503,79,131,16
32507,110,187,48
32531,53,83,12
32533,67,113,16
32537,88,143,32
32561,69,123,24
32563,62,111,16
32569,60,107,24
32573,60,101,16
32579,83,151,36
32587,63,107,16
32603,111,193,48
32609,56,97,16
32611,61,99,12
32621,51,91,8
32633,102,181,36
32647,82,137,32
32653,63,103,16
32687,81,139,30
32693,55,99,8
32707,74,127,24
32713,55,95,12
32717,88,151,32
32719,71,127,20
32749,70,119,16
32771,54,91,12
32779,70,121,24
32783,61,105,20
32789,68,107,16
32797,64,113,18
32801,87,143,32
32803,61,105,18
32831,127,213,56
32833,46,73,16
32839,56,103,16
32843,110,183,48
32869,65,107,16
32887,51,91,16
32909,75,123,16
32911,83,145,30
32917,77,115,8
32933,79,127,16
32939,111,195,48
32941,70,121,16
32957,53,95,14
32969,77,131,32
32971,43,71,8
32983,82,141,32
32987,63,97,12
32993,94,159,32
32999,136,229,64
33013,53,97,16
33023,85,151,36
33029,67,125,24
33037,57,99,20
33049,44,79,12
33053,61,105,16
33071,99,177,40
33073,76,137,36
33083,69,119,18
33091,46,73,8
33107,94,157,24
33113,52,95,12
33119,149,255,72
33149,121,209,48
33151,93,161,32
33161,60,97,12
33179,107,185,48
33181,55,91,12
33191,60,107,24
33199,94,167,30
33203,50,87,12
33211,80,123,18
33223,65,107,12
33247,72,119,16
33287,78,137,32
33289,45,83,12
33301,42,65,8
33311,73,121,24
33317,71,133,24
33329,82,135,32
33331,60,101,12
33343,68,127,32
33347,73,123,24
33349,72,121,24
33353,76,125,24
33359,93,161,40
33377,48,77,8
33391,42,67,10
33403,64,113,16
33409,67,111,16
33413,65,105,8
33427,61,99,12
33457,50,89,12
33461,96,167,36
33469,57,93,8
33479,134,235,64
33487,110,185,40
33493,76,135,32
33503,75,129,24
33521,53,91,16
33529,55,97,16
33533,95,159,28
33547,71,117,12
33563,55,97,12
33569,73,137,24
33577,82,139,24
33581,65,107,16
33587,69,119,24
33589,58,101,16
33599,174,293,84
33601,57,91,8
33613,62,109,20
33617,67,105,16
33619,66,111,18
33623,75,131,24
33629,85,145,32
33637,86,133,12
33641,80,139,32
33647,80,143,20
33679,61,107,20
33703,63,115,24
33713,49,83,12
33721,50,81,8
33739,85,145,24
33749,95,169,40
33751,47,81,8
33757,60,103,18
33767,105,179,48
33769,60,97,16
33773,66,115,16
33791,104,183,44
33797,59,107,18
33809,105,185,48
33811,64,115,18
33827,55,91,12
33829,61,107,16
33851,117,195,48
33857,101,171,40
33863,85,149,32
33871,67,115,20
33889,58,99,16
33893,78,129,24
33911,88,157,32
33923,73,131,24
33931,40,75,12
33937,51,83,10
33941,51,89,8
33961,32,53,8
33967,80,141,20
33997,74,119,20
34019,150,253,72
34031,77,135,20
34033,92,153,32
34039,83,145,32
34057,43,65,12
34061,53,91,16
34123,81,145,32
34127,99,163,40
34129,59,103,12
34141,67,105,12
34147,53,89,8
34157,65,107,20
34159,107,181,40
34171,55,89,8
34183,68,119,16
34211,43,69,12
34213,49,83,16
34217,53,99,12
34231,51,87,16
34253,81,141,24
34259,70,123,24
34261,70,111,14
34267,69,117,17
34273,64,101,12
34283,55,91,12
34297,58,101,16
34301,42,75,10
34303,81,131,20
34313,86,153,32
34319,155,261,80
34327,56,87,16
34337,66,105,16
34351,74,125,20
34361,81,137,24
34367,76,133,28
34369,69,117,16
34381,42,67,8
34403,77,127,24
34421,59,99,12
34429,63,109,16
34439,141,241,64
34457,48,79,8
34469,71,123,24
34471,68,117,16
34483,68,115,24
34487,70,119,24
34499,107,187,48
34501,69,117,16
34511,50,91,20
34513,61,99,24
34519,62,109,16
34537,59,103,12
34543,83,143,24
34549,67,111,12
34583,90,151,32
34589,69,117,16
34591,86,147,24
34603,72,117,12
34607,100,165,40
34613,69,117,16
34631,107,183,48
34649,149,245,72
34651,36,61,8
34667,85,141,30
34673,46,83,12
34679,108,185,48
34687,69,113,16
34693,66,113,16
34703,86,151,30
34721,62,103,16
34729,68,115,16
34739,94,163,36
34747,101,171,24
34757,63,103,16
34759,82,141,32
34763,47,81,12
34781,85,141,32
34807,82,129,16
34819,70,117,12
34841,49,83,8
34843,74,129,16
34847,124,211,54
34849,76,119,24
34871,62,107,16
34877,55,99,14
34883,119,195,48
34897,56,83,8
34913,80,141,24
34919,109,189,48
34939,53,97,16
34949,67,115,24
34961,47,81,16
34963,67,121,32
34981,47,81,18
35023,83,139,20
35027,91,161,36
35051,84,133,24
35053,64,111,24
35059,78,121,16
35069,84,153,32
35081,58,103,12
35083,71,123,18
35089,75,127,24
35099,147,255,72
35107,71,117,16
35111,138,235,64
35117,54,93,12
35129,51,93,16
35141,47,85,12
35149,83,139,24
35153,101,179,40
35159,86,141,32
35171,72,121,18
35201,50,85,8
35221,62,107,16
35227,67,101,8
35251,64,103,12
35257,68,119,16
35267,38,71,12
35279,179,305,90
35281,53,87,16
35291,73,119,24
35311,64,103,10
35317,60,99,8
35323,55,97,18
35327,92,165,40
35339,122,207,48
35353,49,79,8
35363,72,119,24
35381,52,79,8
35393,61,105,16
35401,43,65,8
35407,58,103,16
35419,123,201,48
35423,116,197,48
35437,89,137,16
35447,81,143,32
35449,64,109,16
35461,71,119,16
35491,60,105,12
35507,75,131,24
35509,75,127,16
35521,50,83,6
35527,54,97,16
35531,110,191,48
35533,56,87,16
35537,39,65,8
35543,55,97,16
35569,42,71,9
35573,101,171,36
35591,70,117,16
35593,74,125,24
35597,70,115,16
35603,96,161,36
35617,56,97,12
35671,88,153,32
35677,61,95,12
35729,67,113,24
35731,40,63,8
35747,81,139,24
35753,63,99,16
35759,99,171,40
35771,72,129,24
35797,67,109,12
35801,102,179,40
35803,58,107,32
35809,59,95,12
35831,77,129,16
35837,93,161,24
35839,106,181,44
35851,75,125,16
35863,58,103,12
35869,71,125,16
35879,136,229,64
35897,72,115,16
35899,72,127,18
35911,41,71,12
35923,62,109,12
35933,81,131,16
35951,102,179,40
35963,91,155,36
35969,85,145,32
35977,64,101,12
35983,83,135,20
35993,61,109,16
35999,149,261,72
36007,58,99,16
36011,52,91,12
36013,69,119,20
36017,95,151,32
36037,72,121,16
36061,63,111,18
36067,69,107,12
36073,70,123,24
36083,79,127,24
36097,45,79,16
36107,98,163,36
36109,66,111,16
36131,64,107,12
36137,73,119,16
36151,63,103,16
36161,90,157,36
36187,76,127,16
36191,102,171,48
36209,88,147,32
36217,60,103,16
36229,61,103,8
36241,55,87,12
36251,82,145,36
36263,69,115,16
36269,118,199,48
36277,73,125,16
36293,69,117,16
36299,117,197,54
36307,79,131,24
36313,56,93,16
36319,78,125,24
36341,67,115,16
36343,84,145,32
36353,76,119,16
36373,73,117,16
36383,81,141,24
36389,51,91,16
36433,43,71,16
36451,57,105,12
36457,47,75,8
36467,63,107,18
36469,66,109,16
36473,52,89,9
36479,133,225,64
36493,72,113,12
36497,89,163,32
36523,50,83,12
36527,73,123,20
36529,77,129,20
36541,58,95,12
36551,67,113,16
36559,66,119,20
36563,78,137,24
36571,66,109,12
36583,62,103,16
36587,48,81,12
36599,113,187,48
36607,97,163,36
36629,111,187,48
36637,57,103,16
36643,51,91,16
36653,55,93,16
36671,81,143,28
36677,57,95,16
36683,75,129,18
36691,66,105,12
36697,61,103,8
36709,46,81,8
36713,67,119,16
36721,40,71,16
36739,70,117,24
36749,106,183,48
36761,62,111,16
36767,80,137,24
36779,72,129,24
36781,65,111,14
36787,63,103,12
36791,104,183,48
36793,48,79,16
36809,71,119,24
36821,76,127,24
36833,68,111,16
36847,101,175,30
36857,60,97,12
36871,75,121,16
36877,54,87,10
36887,99,165,32
36899,116,191,54
36901,51,77,8
36913,62,103,16
36919,87,145,32
36923,84,141,24
36929,54,95,16
36931,59,107,12
36943,60,107,12
36947,52,87,12
36973,73,127,24
36979,74,127,18
36997,58,91,16
37003,66,107,18
37013,62,107,16
37019,67,125,24
37021,70,115,16
37039,65,111,20
37049,110,193,48
37057,59,101,12
37061,74,123,24
37087,92,147,24
37097,78,133,20
37117,69,111,18
37123,78,141,32
37139,68,123,24
37159,59,103,16
37171,45,71,6
37181,47,89,14
37189,52,95,24
37199,133,223,60
37201,63,107,16
37217,58,91,8
37223,114,197,48
37243,52,91,16
37253,66,111,16
37273,61,103,24
37277,83,137,24
37307,49,89,16
37309,87,153,32
37313,66,111,16
37321,53,91,24
37337,84,137,24
37339,62,105,12
37357,51,87,12
37361,64,109,16
37363,74,125,16
37369,62,103,16
37379,105,181,48
37397,74,131,24
37409,83,143,32
37423,44,75,12
37441,49,81,12
37447,65,115,16
37463,81,147,32
37483,71,129,36
37489,52,87,16
37493,63,101,12
37501,66,107,10
37507,46,79,12
37511,78,135,24
37517,85,147,24
37529,83,141,32
37537,77,119,12
37547,83,149,36
37549,54,93,12
37561,54,85,8
37567,55,103,14
37571,82,131,24
37573,61,109,18
37579,60,105,13
37589,82,139,32
37591,63,105,16
37607,66,113,16
37619,153,261,72
37633,48,85,16
37643,42,75,12
37649,72,125,24
37657,45,77,12
37663,88,155,24
37691,81,137,24
37693,65,113,16
37699,107,175,36
37717,73,125,16
37747,49,85,12
37781,75,119,12
37783,58,105,16
37799,189,317,96
37811,71,121,24
37813,67,113,16
37831,57,89,8
37847,88,147,32
37853,67,115,18
37861,47,77,12
37871,83,149,30
37879,67,125,16
37889,67,117,24
37897,59,95,8
37907,100,169,42
37951,50,87,14
37957,63,103,16
37963,41,69,9
37967,93,167,40
37987,60,107,20
37991,64,109,16
37993,76,127,16
37997,69,125,20
38011,77,133,24
38039,73,131,32
38047,91,149,24
38053,62,103,16
38069,103,171,40
38083,70,103,9
38113,83,143,36
38119,67,109,16
38149,81,139,24
38153,60,101,9
38167,66,111,16
38177,99,169,32
38183,88,147,32
38189,96,169,32
38197,65,111,16
38201,49,81,8
38219,154,257,72
38231,103,171,40
38237,61,97,12
38239,77,133,24
38261,63,105,16
38273,41,73,10
38281,54,91,8
38287,58,95,10
38299,73,131,18
38303,156,263,72
38317,80,137,24
38321,51,95,12
38327,49,85,16
38329,60,95,8
38333,64,109,16
38351,96,165,40
38371,52,87,12
38377,79,115,12
38393,83,139,24
38431,53,89,12
38447,101,171,40
38449,58,97,12
38453,104,171,32
38459,61,107,24
38461,61,91,6
38501,81,143,32
38543,93,157,40
38557,49,83,12
38561,47,77,8
38567,67,113,16
38569,91,155,32
38593,51,91,16
38603,63,107,12
38609,138,239,64
38611,61,107,18
38629,51,87,8
38639,161,271,80
38651,48,87,12
38653,77,129,16
38669,68,111,16
38671,65,105,12
38677,67,101,8
38693,45,83,8
38699,123,211,54
38707,74,129,24
38711,58,101,16
38713,50,91,16
38723,70,121,24
38729,61,109,16
38737,60,105,12
38747,51,91,12
38749,81,135,20
38767,50,83,10
38783,92,151,32
38791,60,105,16
38803,70,117,18
38821,61,99,16
38833,50,77,12
38839,74,125,16
38851,58,97,12
38861,81,135,24
38867,80,135,24
38873,98,161,32
38891,71,119,24
38903,64,119,16
38917,61,103,16
38921,57,105,16
38923,71,119,18
38933,98,161,32
38953,54,91,24
38959,78,143,20
38971,45,81,14
38977,51,83,12
38993,68,115,16
39019,61,97,12
39023,84,153,30
39041,73,117,20
39043,71,113,16
39047,56,105,16
39079,57,99,16
39089,54,103,16
39097,68,117,18
39103,84,147,28
39107,50,83,12
39113,86,145,24
39119,102,181,40
39133,44,75,8
39139,81,133,24
39157,66,113,16
39161,64,103,16
39163,62,105,16
39181,72,121,16
39191,92,161,32
39199,126,219,54
39209,46,83,16
39217,61,97,12
39227,74,123,24
39229,54,93,8
39233,84,137,16
39239,107,185,48
39241,44,73,8
39251,52,85,12
39293,76,135,24
39301,61,105,12
39313,35,61,8
39317,58,93,8
39323,92,155,24
39341,60,97,16
39343,66,107,16
39359,125,203,56
39367,102,171,32
39371,81,131,24
39373,65,113,30
39383,73,123,24
39397,62,97,12
39409,78,129,16
39419,122,207,48
39439,95,171,40
39443,74,129,24
39451,49,87,12
39461,53,91,8
39499,93,165,32
39503,60,105,20
39509,72,123,24
39511,64,109,16
39521,63,109,16
39541,69,117,12
39551,89,153,32
39563,98,163,36
39569,56,95,16
39581,71,127,16
39607,50,87,12
39619,76,133,24
39623,82,141,32
39631,49,85,10
39659,69,125,24
39667,71,113,12
39671,120,199,48
39679,88,149,36
39703,68,113,16
39709,94,165,24
39719,88,149,32
39727,75,133,20
39733,49,77,12
39749,92,151,32
39761,64,111,18
39769,59,99,16
39779,149,245,72
39791,62,105,20
39799,73,123,24
39821,55,89,12
39827,59,97,12
39829,74,127,16
39839,110,183,48
39841,53,87,12
39847,86,137,16
39857,96,159,32
39863,88,157,32
39869,82,141,24
39877,69,115,16
39883,72,125,18
39887,84,145,30
39901,54,89,12
39929,85,155,32
39937,60,93,8
39953,53,91,11
39971,61,109,12
39979,57,101,15
39983,139,233,60
39989,84,143,32
40009,47,79,10
40013,103,185,40
40031,104,181,36
40037,61,109,32
40039,137,233,64
40063,75,127,16
40087,54,99,16
40093,71,123,28
40099,64,103,18
40111,79,125,20
40123,65,117,16
40127,131,219,56
40129,56,105,24
40151,90,151,32
40153,40,63,8
40163,52,93,12
40169,103,175,32
40177,69,113,18
40189,55,89,12
40193,110,189,48
40213,72,111,16
40231,52,87,16
40237,80,129,16
40241,67,113,16
40253,65,113,14
40277,89,147,24
40283,69,121,24
40289,91,153,32
40343,72,125,24
40351,87,141,24
40357,61,103,8
40361,80,139,24
40387,65,109,16
40423,88,155,36
40427,58,99,18
40429,55,95,16
40433,50,83,16
40459,97,161,36
40471,52,89,8
40483,55,91,12
40487,89,145,32
40493,68,119,16
40499,130,225,60
40507,89,149,24
40519,63,105,16
40529,84,139,32
40531,52,83,8
40543,94,169,24
40559,133,225,60
40577,57,101,16
40583,89,151,32
40591,58,103,20
40597,68,119,24
40609,55,93,16
40627,60,103,12
40637,65,111,16
40639,88,153,28
40693,51,83,12
40697,119,205,48
40699,98,171,36
40709,96,157,32
40739,113,191,48
40751,95,167,30
40759,70,123,16
40763,91,151,24
40771,43,73,8
40787,99,163,36
40801,52,89,16
40813,52,85,12
40819,84,141,24
40823,135,227,56
40829,71,123,16
40841,50,93,12
40847,107,181,40
40849,76,129,24
40853,56,91,16
40867,69,117,12
40879,97,165,40
40883,68,117,16
40897,78,121,18
40903,73,119,20
40927,58,97,12
40933,67,109,16
40939,70,121,24
40949,153,259,72
40961,62,107,18
40973,64,109,12
40993,70,109,12
41011,61,105,24
41017,59,103,12
41023,68,115,14
41039,168,291,80
41047,56,101,16
41051,84,139,24
41057,54,89,12
41077,57,103,16
41081,57,97,16
41113,52,85,8
41117,93,161,32
41131,80,133,24
41141,71,107,8
41143,82,131,16
41149,69,121,16
41161,45,75,8
41177,62,107,12
41179,85,151,24
41183,149,253,72
41189,59,103,16
41201,76,133,32
41203,57,97,16
41213,58,101,18
41221,44,73,16
41227,72,119,16
41231,59,97,20
41233,72,109,8
41243,71,127,24
41257,67,113,12
41263,66,119,24
41269,59,101,16
41281,64,99,16
41299,94,167,36
41333,63,105,12
41341,52,87,16
41351,60,109,16
41357,75,127,20
41381,99,169,36
41387,72,113,12
41389,73,125,20
41399,161,279,72
41411,115,187,48
41413,57,97,16
41443,67,121,16
41453,89,149,36
41467,78,137,16
41479,83,145,32
41491,84,141,24
41507,70,121,18
41513,96,165,32
41519,99,165,40
41521,59,91,8
41539,72,121,24
41543,80,135,24
41549,80,143,24
41579,188,325,96
41593,65,105,16
41597,68,123,24
41603,50,93,12
41609,90,155,32
41611,65,115,16
41617,43,63,6
41621,54,97,16
41627,50,87,12
41641,55,89,12
41647,88,145,20
41651,86,147,36
41659,58,103,14
41669,66,113,24
41681,54,87,8
41687,96,163,32
41719,84,143,32
41729,84,143,32
41737,73,109,8
41759,147,255,72
41761,51,89,16
41771,61,101,18
41777,68,113,24
41801,52,83,8
41809,77,129,16
41813,86,141,24
41843,70,127,24
41849,104,175,48
41851,42,73,8
41863,56,91,8
41879,93,161,32
41887,121,203,48
41893,63,113,36
41897,51,87,9
41903,99,173,40
41911,79,133,24
41927,57,99,16
41941,48,89,16
41947,69,111,12
41953,58,101,11
41957,99,169,40
41959,61,107,16
41969,55,99,16
41981,59,95,11
41983,87,149,22
41999,167,291,80
42013,64,105,12
42017,76,123,16
42019,88,157,24
42023,77,137,32
42043,44,79,12
42061,61,105,10
42071,61,111,18
42073,79,137,36
42083,89,153,36
42089,89,147,32
42101,61,105,12
42131,57,97,12
42139,89,157,36
42157,85,141,20
42169,39,69,8
42179,120,203,48
42181,72,123,16
42187,82,133,16
42193,60,109,16
42197,65,111,16
42209,109,189,48
42221,75,125,20
42223,112,193,40
42227,125,207,48
42239,154,253,72
42257,48,77,8
42281,84,139,28
42283,66,107,18
42293,103,169,32
42299,116,197,54
42307,58,101,12
42323,50,87,12
42331,64,109,18
42337,53,83,12
42349,93,157,36
42359,83,141,32
42373,57,91,16
42379,81,139,24
42391,70,125,16
42397,74,131,18
42403,66,111,16
42407,108,179,48
42409,53,89,8
42433,70,121,24
42437,70,115,16
42443,89,149,30
42451,53,93,12
42457,75,119,16
42461,79,137,24
42463,53,97,16
42467,51,91,12
42473,65,113,12
42487,69,111,16
42491,43,81,12
42499,95,159,30
42509,85,141,32
42533,88,149,24
42557,78,137,28
42569,114,193,48
42571,57,97,12
42577,61,105,16
42589,47,83,12
42611,80,129,24
42641,61,105,24
42643,49,85,12
42649,53,93,12
42667,54,93,12
42677,61,109,16
42683,63,109,12
42689,50,91,16
42697,60,103,16
42701,64,105,16
42703,89,151,24
42709,76,123,8
42719,117,205,48
42727,77,127,24
42737,72,117,16
42743,92,155,32
42751,71,113,18
42767,142,249,60
42773,66,105,12
42787,60,101,12
42793,54,85,16
42797,70,121,16
42821,100,173,32
42829,47,83,8
42839,189,321,96
42841,52,83,8
42853,45,77,8
42859,57,103,16
42863,101,169,40
42899,150,251,72
42901,49,89,16
42923,100,173,36
42929,95,159,40
42937,60,109,12
42943,91,161,28
42953,61,105,12
42961,31,53,8
42967,50,83,16
42979,67,115,24
42989,62,101,16
43003,71,121,16
43013,65,109,16
43019,93,163,36
43037,59,113,16
43049,124,209,48
43051,69,119,16
43063,77,143,32
43067,86,137,24
43093,67,109,24
43103,70,117,24
43117,77,129,30
43133,84,145,32
43151,107,177,40
43159,93,157,32
43177,62,91,12
43189,64,105,16
43201,39,55,4
43207,68,115,16
43223,68,125,24
43237,74,123,16
43261,58,101,24
43271,69,125,24
43283,55,97,12
43291,72,105,12
43313,66,107,18
43319,103,179,48
43321,42,71,8
43331,75,131,24
43391,100,165,32
43397,62,115,24
43399,119,203,48
43403,54,93,12
43411,58,97,10
43427,117,201,48
43441,61,101,16
43451,100,167,36
43457,53,93,12
43481,53,93,8
43487,106,175,36
43499,107,185,48
43517,56,101,20
43541,76,121,24
43543,66,103,8
43573,75,125,24
43577,73,119,20
43579,64,109,12
43591,47,83,8
43597,47,83,14
43607,92,151,32
43609,73,125,24
43613,70,125,16
43627,65,105,12
43633,61,93,8
43649,87,155,36
43651,59,101,12
43661,54,99,16
43669,62,111,16
43691,57,103,24
43711,67,107,14
43717,62,103,16
43721,79,137,24
43753,58,91,10
43759,52,97,20
43777,62,105,16
43781,43,73,12
43783,94,153,24
43787,88,139,24
43789,80,135,20
43793,53,95,16
43801,67,107,12
43853,68,111,12
43867,55,97,12
43889,134,223,64
43891,40,67,8
43913,60,97,16
43933,52,91,16
43943,67,125,16
43951,89,157,24
43961,52,89,16
43963,68,109,12
43969,36,59,8
43973,80,137,24
43987,90,149,16
43991,120,203,48
43997,61,107,24
44017,54,99,12
44021,99,167,32
44027,64,117,18
44029,98,169,32
44041,70,123,16
44053,72,117,24
44059,62,105,15
44071,67,119,16
44087,84,145,32
44089,74,123,16
44101,27,47,8
44111,61,109,20
44119,62,109,16
44123,61,101,12
44129,59,105,16
44131,88,141,24
44159,153,255,64
44171,77,135,24
44179,67,113,18
44189,79,133,24
44201,53,87,16
44203,85,137,16
44207,73,127,30
44221,52,79,10
44249,102,175,32
44257,46,79,6
44263,77,133,16
44267,116,191,48
44269,58,105,16
44273,84,141,24
44279,136,229,64
44281,35,61,8
44293,55,91,12
44351,173,289,84
44357,59,95,8
44371,38,65,8
44381,67,115,16
44383,81,143,24
44389,78,119,16
44417,60,101,16
44449,81,141,24
44453,71,117,16
44483,86,155,24
44491,67,119,18
44497,64,109,16
44501,62,105,12
44507,54,91,12
44519,139,245,64
44531,70,113,18
44533,62,101,8
44537,70,121,16
44543,105,177,40
44549,130,221,60
44563,49,81,12
44579,68,123,24
44587,76,125,16
44617,56,101,12
44621,84,143,24
44623,68,127,32
44633,72,117,16
44641,49,79,16
44647,65,115,18
44651,69,115,18
44657,71,129,24
44683,64,107,16
44687,145,239,60
44699,89,155,36
44701,57,99,16
44711,125,205,48
44729,111,195,48
44741,56,95,16
44753,53,81,8
44771,110,187,48
44773,64,109,18
44777,64,107,16
44789,80,133,16
44797,83,137,26
44809,52,89,12
44819,122,207,48
44839,94,153,32
44843,71,123,24
44851,40,69,12
44867,62,101,12
44879,169,283,80
44887,95,149,16
44893,77,127,16
44909,73,133,24
44917,76,131,24
44927,139,237,64
44939,110,191,48
44953,89,155,24
44959,76,129,24
44963,69,119,18
44971,58,99,12
44983,35,63,8
44987,82,137,24
45007,82,131,20
45013,52,87,8
45053,63,107,13
45061,61,99,8
45077,78,133,24
45083,101,171,36
45119,127,217,56
45121,68,121,16
45127,55,93,12
45131,66,111,12
45137,51,89,12
45139,76,133,24
45161,69,117,24
45179,88,151,36
45181,63,107,16
45191,93,155,32
45197,95,157,28
45233,87,151,24
45247,90,149,28
45259,92,153,24
45263,98,171,40
45281,53,87,9
45289,62,105,16
45293,51,87,10
45307,66,113,12
45317,92,157,32
45319,89,153,32
45329,62,111,16
45337,68,107,16
45341,82,141,24
45343,92,151,24
45361,50,75,8
45377,37,69,12
45389,86,141,32
45403,50,85,12
45413,86,143,24
45427,77,129,16
45433,53,85,16
45439,107,185,32
45481,44,69,8
45491,86,145,24
45497,56,99,24
45503,115,193,42
45523,64,111,12
45533,64,107,12
45541,46,81,16
45553,49,75,8
45557,62,105,16
45569,115,193,48
45587,79,135,24
45589,83,139,16
45599,142,245,72
45613,41,67,8
45631,83,143,28
45641,50,79,8
45659,75,135,24
45667,63,109,18
45673,82,139,36
45677,64,105,16
45691,62,105,16
45697,48,77,8
45707,83,135,24
45737,119,205,48
45751,87,151,32
45757,69,119,28
45763,62,107,20
45767,59,101,16
45779,109,183,48
45817,58,97,12
45821,56,99,16
45823,90,153,24
45827,98,159,36
45833,54,93,8
45841,57,97,16
45853,64,103,12
45863,154,263,72
45869,89,151,32
45887,87,147,28
45893,46,81,12
45943,52,89,12
45949,62,113,12
45953,92,153,32
45959,90,163,32
45971,63,109,18
45979,103,181,36
45989,117,197,48
46021,49,85,12
46027,73,117,12
46049,75,133,24
46051,87,153,24
46061,59,103,16
46073,62,107,16
46091,73,119,24
46093,57,97,16
46099,77,131,18
46103,85,141,32
46133,84,145,24
46141,52,89,12
46147,76,119,12
46153,72,117,16
46171,75,125,24
46181,63,101,16
46183,71,119,16
46187,72,131,18
46199,194,325,96
46219,66,119,16
46229,94,145,32
46237,63,99,18
46261,43,69,8
46271,89,145,28
46273,75,117,12
46279,92,157,32
46301,61,101,16
46307,71,119,24
46309,70,117,16
46327,65,105,14
46337,66,107,12
46349,97,163,36
46351,65,109,12
46381,41,67,8
46399,99,169,42
46411,49,87,12
46439,141,233,64
46441,45,73,8
46447,57,103,12
46451,91,157,36
46457,80,133,24
46471,69,113,16
46477,55,95,20
46489,49,83,10
46499,117,197,48
46507,96,157,24
46511,136,229,60
46523,62,107,12
46549,97,165,36
46559,114,195,48
46567,49,89,12
46573,92,161,30
46589,56,109,20
46591,107,181,40
46601,70,115,16
46619,150,257,72
46633,54,89,8
46639,111,187,40
46643,100,173,36
46649,68,121,24
46663,71,125,24
46679,91,159,32
46681,69,123,32
46687,77,127,16
46691,55,99,18
46703,98,165,40
46723,72,121,24
46727,117,193,48
46747,83,143,24
46751,70,121,24
46757,72,117,16
46769,49,85,16
46771,72,115,12
46807,55,97,12
46811,87,139,24
46817,76,131,30
46819,48,75,12
46829,90,149,32
46831,56,91,10
46853,81,131,24
46861,55,95,12
46867,51,91,16
46877,56,97,16
46889,81,143,24
46901,62,107,16
46919,141,237,64
46933,77,123,24
46957,62,99,10
46993,62,101,16
46997,73,129,24
47017,47,75,8
47041,40,65,8
47051,60,103,18
47057,102,169,32
47059,100,169,24
47087,95,171,40
47093,68,109,16
47111,88,153,32
47119,113,193,40
47123,163,277,72
47129,59,95,16
47137,83,139,24
47143,68,117,16
47147,54,95,12
47149,86,149,24
47161,51,75,8
47189,119,195,48
47207,86,147,32
47221,58,99,20
47237,51,87,8
47251,51,83,8
47269,55,95,16
47279,87,153,40
47287,76,123,16
47293,68,115,16
47297,75,123,18
47303,100,169,40
47309,89,155,32
47317,74,121,24
47339,82,147,36
47351,72,117,16
47353,66,117,32
47363,49,87,12
47381,79,129,16
47387,66,111,24
47389,65,109,16
47407,71,113,10
47417,72,121,16
47419,75,129,14
47431,100,175,36
47441,63,95,8
47459,116,201,48
47491,65,109,12
47497,74,131,16
47501,114,191,48
47507,73,121,24
47513,59,111,16
47521,46,81,16
47527,69,113,16
47533,62,89,8
47543,81,137,32
47563,91,159,24
47569,74,119,16
47581,56,93,12
47591,78,141,24
47599,139,233,60
47609,91,159,36
47623,70,113,16
47629,72,119,16
47639,84,151,32
47653,56,99,16
47657,76,121,24
47659,60,95,12
47681,62,119,16
47699,128,219,54
47701,88,143,16
47711,110,185,48
47713,54,83,8
47717,83,135,24
47737,62,101,24
47741,51,89,16
47743,61,105,16
47777,44,67,8
47779,65,105,12
47791,77,131,20
47797,50,87,12
47807,106,177,42
47809,52,93,16
47819,69,123,24
47837,107,183,32
47843,78,133,24
47857,66,109,16
47869,73,127,18
47881,46,75,8
47903,77,137,24
47911,80,123,16
47917,72,117,16
47933,64,111,14
47939,112,189,48
47947,56,99,12
47951,123,219,50
47963,76,129,24
47969,113,197,48
47977,55,93,16
47981,54,93,16
48017,55,95,16
48023,119,203,48
48029,68,115,16
48049,66,115,18
48073,67,111,12
48079,78,137,20
48091,67,115,16
48109,77,137,16
48119,79,141,32
48121,55,89,10
48131,100,171,36
48157,75,131,24
48163,73,125,24
48179,116,195,48
48187,54,95,12
48193,67,121,40
48197,70,115,16
48221,106,175,32
48239,126,217,60
48247,71,113,16
48259,74,123,24
48271,68,119,20
48281,58,95,16
48299,147,251,72
48311,117,203,48
48313,76,129,24
48337,50,79,12
48341,64,105,16
48353,57,105,12
48371,79,135,24
48383,154,261,72
48397,68,123,22
48407,78,125,16
48409,76,127,16
48413,45,81,12
48437,117,197,40
48449,117,189,48
48463,79,137,20
48473,61,105,12
48479,117,201,48
48481,48,87,12
48487,106,173,32
48491,78,131,24
48497,84,135,16
48523,54,91,12
48527,83,143,30
48533,65,101,8
48539,80,141,24
48541,80,133,12
48563,96,163,36
48571,55,101,16
48589,78,123,16
48593,96,159,32
48611,75,119,12
48619,117,199,48
48623,62,107,20
48647,62,105,16
48649,79,131,24
48661,55,95,16
48673,65,113,24
48677,83,137,32
48679,69,121,16
48731,71,121,24
48733,80,135,24
48751,69,119,20
48757,65,103,16
48761,106,185,40
48767,91,155,32
48779,90,157,36
48781,64,103,16
48787,74,131,16
48799,90,157,36
48809,59,105,16
48817,65,115,16
48821,78,129,18
48823,94,161,36
48847,83,133,20
48857,66,111,16
48859,79,141,24
48869,102,169,32
48871,65,109,16
48883,82,131,18
48889,48,83,8
48907,53,95,16
48947,75,127,12
48953,62,101,16
48973,44,79,12
48989,85,139,32
48991,67,115,12
49003,75,121,30
49009,89,143,24
49019,116,199,48
49031,86,141,32
49033,54,93,16
49037,74,123,16
49043,90,145,24
49057,68,119,16
49069,64,111,16
49081,59,97,16
49103,143,237,60
49109,62,111,16
49117,69,107,12
49121,55,101,12
49123,68,119,16
49139,185,311,96
49157,68,109,12
49169,81,143,32
49171,65,103,12
49177,62,95,12
49193,64,115,16
49199,138,235,60
49201,61,101,24
49207,70,115,16
49211,66,119,18
49223,88,155,32
49253,50,85,8
49261,70,99,10
49277,81,139,32
49279,140,241,64
49297,67,111,18
49307,69,117,24
49331,61,105,16
49333,89,145,32
49339,62,99,12
49363,77,129,24
49367,117,189,48
49369,56,91,8
49391,131,225,60
49393,57,95,16
49409,104,173,40
49411,55,97,16
49417,66,107,18
49429,58,97,8
49433,89,153,32
49451,71,125,24
49459,63,99,12
49463,89,155,32
49477,58,99,16
49481,70,113,12
49499,157,267,72
49523,63,107,12
49529,94,161,32
49531,82,147,24
49537,68,119,16
49547,54,87,12
49549,80,127,12
49559,137,235,64
49597,65,111,20
49603,65,101,12
49613,52,85,10
49627,68,113,12
49633,70,117,16
49639,90,151,32
49663,90,155,32
49667,49,79,12
49669,48,79,8
49681,41,65,8
49697,82,143,24
49711,71,123,20
49727,130,213,56
49739,64,119,24
49741,82,135,32
49747,79,127,16
49757,59,101,12
49783,90,147,24
49787,72,125,24
49789,63,109,16
49801,68,103,8
49807,72,123,20
49811,75,131,24
49823,91,161,36
49831,64,107,18
49843,73,117,12
49853,66,125,16
49871,90,153,20
49877,98,161,24
49891,67,109,20
49919,152,253,72
49921,59,91,12
49927,80,133,16
49937,101,165,32
49939,84,145,24
49943,59,109,16
49957,65,109,24
49991,60,103,16
49993,58,105,24
49999,87,147,30
50021,83,143,24
50023,88,157,24
50033,61,101,16
50047,111,195,32
50051,67,113,24
50053,66,111,16
50069,62,109,16
50077,74,119,16
50087,56,97,16
50093,106,179,36
50101,79,127,16
50111,139,233,56
50119,86,147,32
50123,54,95,12
50129,79,131,24
50131,55,89,12
50147,98,173,36
50153,65,111,16
50159,168,279,80
50177,53,93,12
50207,81,135,24
50221,33,55,8
50227,73,115,16
50231,144,243,64
50261,47,77,8
50263,76,123,16
50273,115,187,48
50287,77,129,20
50291,90,155,36
50311,62,111,16
50321,63,115,12
50329,69,115,16
50333,72,121,18
50341,62,101,16
50359,65,109,16
50363,70,123,18
50377,46,83,12
50383,78,135,20
50387,122,203,48
50411,54,87,12
50417,57,95,12
50423,78,143,32
50441,51,93,16
50459,98,167,36
50461,67,115,20
50497,64,113,12
50503,91,159,32
50513,40,69,8
50527,51,83,12
50539,98,175,36
50543,142,237,60
50549,74,123,24
50551,76,125,16
50581,41,73,8
50587,76,127,24
50591,111,185,48
50593,52,83,8
50599,120,197,48
50627,53,91,12
50647,67,111,16
50651,115,197,48
50671,68,115,16
50683,64,111,16
50707,59,101,12
50723,55,99,18
50741,56,99,12
50753,63,109,16
50767,73,119,20
50773,78,127,12
50777,113,193,48
50789,67,109,16
50821,50,77,6
50833,53,87,8
50839,90,161,32
50849,93,163,36
50857,47,75,8
50867,88,157,30
50873,74,133,16
50891,64,105,16
50893,77,133,32
50909,61,109,16
50923,66,115,24
50929,68,115,16
50951,93,161,32
50957,100,171,30
50969,60,99,16
50971,66,105,12
50989,61,99,8
50993,67,121,16
51001,53,85,8
51031,59,99,8
51043,65,113,16
51047,77,139,24
51059,117,189,48
51061,54,91,12
51071,134,231,64
51109,66,111,16
51131,58,97,12
51133,74,121,16
51137,53,89,16
51151,80,137,20
51157,50,77,8
51169,90,151,32
51193,64,107,16
51197,107,179,32
51199,105,181,36
51203,82,151,24
51217,54,91,16
51229,67,103,16
51239,133,231,64
51241,60,99,16
51257,66,109,12
51263,114,183,42
51283,49,85,16
51287,65,113,16
51307,51,87,12
51329,101,165,32
51341,65,109,16
51343,71,121,24
51347,87,143,24
51349,81,141,24
51361,49,77,12
51383,59,103,16
51407,166,279,80
51413,106,171,32
51419,67,119,24
51421,61,103,8
51427,84,143,24
51431,66,111,16
51437,47,75,10
51439,79,131,20
51449,113,195,48
51461,58,105,16
51473,70,121,16
51479,195,319,96
51481,29,47,6
51487,66,111,12
51503,104,179,40
51511,73,129,16
51517,60,101,28
51521,61,103,16
51539,72,129,24
51551,103,169,36
51563,63,109,12
51577,77,127,16
51581,64,111,16
51593,58,99,14
51599,135,229,60
51607,61,101,10
51613,80,133,24
51631,67,115,20
51637,70,109,8
51647,80,143,28
51659,145,249,72
51673,74,131,24
51679,125,221,48
51683,79,125,24
51691,53,81,8
51713,86,143,36
51719,78,137,32
51721,54,91,12
51749,118,193,48
51767,70,121,24
51769,52,85,16
51787,69,117,18
51797,74,129,24
51803,63,105,18
51817,72,113,8
51827,79,135,24
51829,80,137,16
51839,168,281,80
51853,52,91,8
51859,68,107,12
51869,142,239,64
51871,47,81,12
51893,85,149,24
51899,101,177,36
51907,72,129,16
51913,56,87,8
51929,85,143,24
51941,71,119,16
51949,68,111,12
51971,95,157,24
51973,85,159,48
51977,58,99,12
51991,78,129,16
52009,49,83,16
52021,59,99,12
52027,52,95,16
52051,99,165,36
52057,58,97,16
52067,55,89,12
52069,90,139,16
52081,45,71,10
52103,106,171,32
52121,94,155,32
52127,93,163,36
52147,60,101,12
52153,70,125,24
52163,126,209,60
52177,48,81,8
52181,90,149,24
52183,83,143,24
52189,78,137,16
52201,59,89,8
52223,105,175,44
52237,65,107,10
52249,89,143,32
52253,65,113,12
52259,107,191,48
52267,77,131,16
52289,103,181,48
52291,50,83,12
52301,64,109,16
52313,68,113,12
52321,74,123,12
52361,58,103,12
52363,72,119,24
52369,59,105,18
52379,111,191,48
52387,74,123,12
52391,90,155,32
52433,80,127,16
52453,66,111,16
52457,75,127,16
52489,52,89,16
52501,45,75,16
52511,83,145,24
52517,56,101,16
52529,80,143,32
52541,93,153,32
52543,62,111,16
52553,61,107,16
52561,46,67,8
52567,74,127,20
52571,74,125,24
52579,69,121,24
52583,86,149,32
52609,60,105,16
52627,64,107,12
52631,123,217,48
52639,112,189,48
52667,151,257,72
52673,57,101,18
52691,53,87,12
52697,68,113,18
52709,81,137,32
52711,57,97,16
52721,80,139,24
52727,95,157,32
52733,99,167,32
52747,66,107,9
52757,62,109,16
52769,57,99,16
52783,65,119,32
52807,89,147,32
52813,59,93,16
52817,61,99,12
52837,54,91,16
52859,78,129,24
52861,62,103,16
52879,71,121,20
52883,100,171,36
52889,87,153,32
52901,50,87,12
52903,74,121,16
52919,205,351,96
52937,82,135,24
52951,63,107,8
52957,63,103,12
52963,68,117,24
52967,66,117,16
52973,93,163,24
52981,67,113,18
52999,98,163,32
53003,73,123,24
53017,60,107,12
53047,70,115,16
53051,75,129,16
53069,88,149,32
53077,58,87,8
53087,111,185,48
53089,56,93,12
53093,64,111,16
53101,53,91,8
53113,59,89,8
53117,74,133,24
53129,146,253,64
53147,74,119,24
53149,75,121,12
53161,69,111,16
53171,90,159,36
53173,57,103,12
53189,95,163,32
53197,82,135,28
53201,41,69,8
53231,80,139,20
53233,83,147,36
53239,85,151,32
53267,81,135,24
53269,69,121,16
53279,160,267,72
53281,44,71,12
53299,92,161,36
53309,76,133,21
53323,73,125,24
53327,103,171,40
53353,56,95,16
53359,107,195,40
53377,62,103,12
53381,91,145,32
53401,53,85,8
53407,67,111,12
53411,46,81,12
53419,56,99,15
53437,87,139,16
53441,52,91,12
53453,70,117,16
53479,94,157,32
53503,116,201,36
53507,115,187,48
53527,69,113,8
53549,146,245,72
53551,47,77,10
53569,58,103,16
53591,138,235,64
53593,47,77,16
53597,80,135,18
53609,65,109,16
53611,81,139,24
53617,79,133,16
53623,63,117,32
53629,72,121,16
53633,65,117,16
53639,106,179,48
53653,70,119,24
53657,76,131,24
53681,57,91,16
53693,77,125,24
53699,108,177,36
53717,65,115,16
53719,99,167,32
53731,78,129,24
53759,168,277,80
53773,83,135,18
53777,56,89,8
53783,107,183,40
53791,85,143,18
53813,58,99,12
53819,157,263,72
53831,75,129,16
53849,74,129,24
53857,56,93,10
53861,75,125,20
53881,51,77,8
53887,79,131,16
53891,66,115,24
53897,72,125,27
53899,125,213,54
53917,68,107,12
53923,90,149,24
53927,117,193,48
53939,124,203,48
53951,86,155,28
53959,87,143,32
53987,79,131,24
53993,64,103,13
54001,71,113,16
54011,64,111,24
54013,67,107,16
54037,65,103,16
54049,84,149,24
54059,113,189,48
54083,63,103,12
54091,69,117,16
54101,68,113,16
54121,44,67,4
54133,78,121,16
54139,63,113,12
54151,53,97,16
54163,71,121,16
54167,91,151,32
54181,37,59,8
54193,73,119,16
54217,50,81,16
54251,92,153,36
54269,105,181,40
54277,65,117,16
54287,140,225,60
54293,54,85,8
54311,100,163,32
54319,98,171,40
54323,89,143,24
54331,73,119,18
54347,75,135,24
54361,60,103,16
54367,60,107,12
54371,82,133,24
54377,90,159,32
54401,54,97,16
54403,90,163,32
54409,55,85,8
54413,66,111,12
54419,65,111,24
54421,53,79,7
54437,79,127,16
54443,62,105,24
54449,123,203,54
54469,63,107,16
54493,75,131,24
54497,68,111,16
54499,75,131,24
54503,72,119,24
54517,54,97,16
54521,86,149,24
54539,109,183,48
54541,36,57,8
54547,74,127,24
54559,113,193,48
54563,61,101,12
54577,67,109,16
54581,82,129,16
54583,63,107,12
54601,67,111,12
54617,61,101,12
54623,83,147,24
54629,66,111,24
54631,70,103,8
54647,145,247,64
54667,75,119,16
54673,67,105,24
54679,62,107,16
54709,53,95,9
54713,74,129,16
54721,65,101,16
54727,48,81,8
54751,81,137,24
54767,98,169,40
54773,89,155,24
54779,113,199,48
54787,49,83,8
54799,101,163,30
54829,62,107,12
54833,95,157,32
54851,69,123,24
54869,98,167,32
54877,78,129,24
54881,40,71,12
54907,94,159,24
54917,75,121,24
54919,62,105,16
54941,76,127,16
54949,76,129,24
54959,98,169,40
54973,67,107,14
54979,71,119,12
54983,86,145,32
55001,68,109,16
55009,55,93,8
55021,66,109,16
55049,80,135,24
55051,59,97,12
55057,50,81,12
55061,125,207,48
55073,75,125,16
55079,171,287,80
55103,133,227,56
55109,78,135,32
55117,74,127,20
55127,66,109,16
55147,69,109,12
55163,73,125,16
55171,64,111,12
55201,55,85,8
55207,70,125,16
55213,73,125,20
55217,52,91,12
55219,89,145,24
55229,89,147,32
55243,62,109,16
55249,97,155,32
55259,91,157,36
55291,67,111,12
55313,84,151,24
55331,101,177,36
55333,79,133,32
55337,80,131,16
55339,84,139,24
55343,69,113,20
55351,87,149,32
55373,71,123,16
55381,65,105,16
55399,78,137,24
55411,71,121,12
55439,234,397,120
55441,46,73,8
55457,87,153,32
55469,80,135,24
55487,106,181,42
55501,47,75,12
55511,86,147,32
55529,69,121,24
55541,53,89,12
55547,69,121,18
55579,87,145,24
55589,91,155,32
55603,57,99,16
55609,70,117,16
55619,117,195,48
55621,60,101,16
55631,107,171,40
55633,52,85,8
55639,95,163,32
55661,47,77,15
55663,88,149,30
55667,61,103,12
55673,69,123,16
55681,57,95,12
55691,156,257,72
55697,48,81,9
55711,60,99,12
55717,85,135,16
55721,70,113,16
55733,83,133,16
55763,59,105,18
55787,53,93,12
55793,62,111,16
55799,156,261,72
55807,87,147,20
55813,89,141,16
55817,73,125,24
55819,66,117,12
55823,75,139,24
55829,64,111,16
55837,43,75,12
55843,81,131,24
55849,65,99,12
55871,114,199,42
55889,115,199,48
55897,63,99,16
55901,78,135,32
55903,59,95,12
55921,59,95,12
55927,57,103,16
55931,83,141,24
55933,74,131,24
55949,79,133,24
55967,118,195,48
55987,47,81,8
55997,115,195,32
56003,84,141,24
56009,73,119,16
56039,80,145,32
56041,59,99,12
56053,61,109,24
56081,62,107,16
56087,119,197,48
56093,61,103,12
56099,153,253,72
56101,44,67,4
56113,60,101,24
56123,68,121,18
56131,69,121,28
56149,83,135,12
56167,87,153,32
56171,76,125,24
56179,80,123,18
56197,70,113,16
56207,74,123,20
56209,95,161,32
56237,98,171,32
56239,110,181,40
56249,97,171,36
56263,76,133,24
56267,75,125,24
56269,59,99,16
56299,70,123,18
56311,62,101,8
56333,82,133,16
56359,56,99,16
56369,64,115,16
56377,34,61,8
56383,83,145,24
56393,72,127,24
56401,41,67,8
56417,58,105,24
56431,48,87,10
56437,85,127,16
56443,87,145,18
56453,58,101,12
56467,54,89,12
56473,72,121,18
56477,53,89,12
56479,85,145,24
56489,84,145,32
56501,86,141,24
56503,76,123,16
56509,78,137,32
56519,114,201,48
56527,55,95,12
56531,74,123,24
56533,74,117,8
56543,118,205,48
56569,70,113,8
56591,112,189,40
56597,61,103,12
56599,85,149,24
56611,48,81,8
56629,59,107,16
56633,57,101,12
56659,63,113,16
56663,74,131,24
56671,114,191,48
56681,74,119,24
56687,60,109,20
56701,46,73,8
56711,100,159,32
56713,69,113,16
56731,59,93,12
56737,64,99,8
56747,58,105,12
56767,77,127,14
56773,44,75,12
56779,87,151,24
56783,129,223,60
56807,97,165,32
56809,86,143,32
56813,67,113,16
56821,65,103,16
56827,56,91,9
56843,61,103,18
56857,64,99,8
56873,75,127,20
56891,68,115,24
56893,66,103,12
56897,78,127,24
56909,84,143,32
56911,62,107,12
56921,72,127,18
56923,107,185,36
56929,47,79,8
56941,84,135,20
56951,104,185,48
56957,81,129,16
56963,83,135,24
56983,86,137,16
56989,80,135,16
56993,87,147,32
56999,146,247,64
57037,87,141,20
57041,61,95,12
57047,73,125,16
57059,99,163,36
57073,54,91,12
57077,87,149,32
57089,88,151,32
57097,65,107,8
57107,57,103,12
57119,193,329,96
57131,105,179,36
57139,65,105,12
57143,64,109,16
57149,100,179,36
57163,52,89,16
57173,64,107,16
57179,71,125,24
57191,71,121,16
57193,73,123,24
57203,89,155,36
57221,101,175,36
57223,80,141,24
57241,44,71,8
57251,76,125,24
57259,78,129,24
57269,98,161,32
57271,70,117,8
57283,80,133,24
57287,151,251,64
57301,53,91,16
57329,155,257,72
57331,53,87,12
57347,104,173,36
57349,86,139,24
57367,63,107,16
57373,76,133,32
57383,78,135,24
57389,62,107,16
57397,69,127,24
57413,62,103,16
57427,89,139,18
57457,47,81,18
57467,57,95,12
57487,63,93,10
57493,82,133,16
57503,81,149,24
57527,113,189,48
57529,58,101,16
57557,99,145,16
57559,75,129,16
57571,52,91,12
57587,66,117,12
57593,86,141,18
57601,55,87,16
57637,84,135,16
57641,71,119,16
57649,60,103,12
57653,80,119,12
57667,72,121,12
57679,118,209,40
57689,70,115,24
57697,66,103,8
57709,72,115,16
57713,65,117,16
57719,146,247,64
57727,94,157,32
57731,76,121,24
57737,59,97,8
57751,56,99,20
57773,54,91,10
57781,68,115,16
57787,60,91,13
57791,134,223,56
57793,64,107,16
57803,56,93,12
57809,96,155,32
57829,67,109,12
57839,92,157,40
57847,73,127,16
57853,65,121,32
57859,81,137,24
57881,70,121,16
57899,101,171,36
57901,67,115,20
57917,77,131,24
57923,73,123,18
57943,47,81,8
57947,81,141,24
57973,62,105,16
57977,76,119,12
57991,73,119,16
58013,90,157,24
58027,82,137,16
58031,138,231,60
58043,75,141,24
58049,118,197,48
58057,86,145,32
58061,56,95,12
58067,67,111,18
58073,57,97,12
58099,105,175,36
58109,94,157,32
58111,68,123,18
58129,48,85,8
58147,54,97,24
58151,59,99,16
58153,57,91,8
58169,83,147,32
58171,56,91,10
58189,86,149,24
58193,87,143,24
58199,119,201,48
58207,91,155,24
58211,158,263,72
58217,72,117,16
58229,89,153,24
58231,77,135,16
58237,77,131,32
58243,59,97,16
58271,85,149,24
58309,106,189,32
58313,44,77,11
58321,48,73,12
58337,82,135,24
58363,66,113,12
58367,107,181,44
58369,82,125,16
58379,114,197,48
58391,69,123,24
58393,76,129,16
58403,83,135,24
58411,49,81,12
58417,53,91,12
58427,78,137,24
58439,90,157,32
58441,73,121,24
58451,51,87,12
58453,73,119,16
58477,69,119,20
58481,89,155,30
58511,102,175,40
58537,56,89,16
58543,62,109,14
58549,62,109,12
58567,54,85,8
58573,71,117,24
58579,81,135,24
58601,47,87,18
58603,102,175,36
58613,69,115,8
58631,92,163,32
58657,70,107,12
58661,54,89,12
58679,117,203,48
58687,99,161,28
58693,86,149,32
58699,62,111,18
58711,59,99,16
58727,64,107,16
58733,81,133,24
58741,67,111,12
58757,72,119,16
58763,90,147,24
58771,62,109,16
58787,96,159,36
58789,54,87,9
58831,63,99,10
58889,87,151,32
58897,67,121,16
58901,72,125,24
58907,50,85,12
58909,85,133,16
58913,61,109,16
58921,47,69,8
58937,106,171,32
58943,82,135,28
58963,66,103,20
58967,172,289,80
58979,73,131,24
58991,75,135,20
58997,45,81,16
59009,84,145,32
59011,55,93,12
59021,61,111,20
59023,109,183,40
59029,64,107,12
59051,116,191,48
59053,56,95,16
59063,94,153,32
59069,94,167,32
59077,81,127,16
59083,67,117,24
59093,97,167,36
59107,71,121,16
59113,56,99,16
59119,84,147,20
59123,92,163,24
59141,53,95,12
59149,83,143,36
59159,143,239,64
59167,94,155,18
59183,109,185,40
59197,68,121,20
59207,67,113,16
59209,76,135,20
59219,149,257,72
59221,50,81,8
59233,48,89,16
59239,74,133,24
59243,59,105,12
59263,63,115,16
59273,93,155,24
59281,52,81,12
59333,103,167,32
59341,62,99,8
59351,75,127,16
59357,82,139,24
59359,120,207,48
59369,56,97,16
59377,75,115,8
59387,96,163,36
59393,74,129,16
59399,193,325,96
59407,89,153,24
59417,41,71,12
59419,63,107,12
59441,54,85,12
59443,87,149,24
59447,83,141,16
59453,88,149,20
59467,57,97,15
59471,133,229,60
59473,71,115,24
59497,74,129,24
59509,65,113,16
59513,90,149,32
59539,85,135,24
59557,53,85,8
59561,77,135,16
59567,110,185,40
59581,60,97,18
59611,66,113,14
59617,58,103,16
59621,63,109,16
59627,68,111,12
59629,81,129,16
59651,59,111,18
59659,80,139,24
59663,103,173,40
59669,147,245,64
59671,55,89,12
59693,73,125,20
59699,97,159,36
59707,83,143,24
59723,121,201,48
59729,94,157,32
59743,60,103,16
59747,86,143,24
59753,62,107,16
59771,99,167,24
59779,92,165,36
59791,78,129,20
59797,79,131,24
59809,51,83,8
59833,51,77,9
59863,69,117,16
59879,79,141,32
59887,79,137,20
59921,60,107,12
59929,57,93,16
59951,73,123,20
59957,71,113,12
59971,86,143,24
59981,85,147,16
59999,138,235,60
