N,"T(N,5)"
1,5
2,20
3,40
4,60
5,60
6,110
7,70
8,145
9,140
10,170
11,90
12,310
13,80
14,210
15,320
16,255
17,100
18,380
19,110
20,480
21,370
22,230
23,130
24,680
25,230
26,260
27,365
28,540
29,130
30,810
31,120
32,480
33,430
34,300
35,600
36,970
37,100
38,290
39,510
40,1000
41,130
42,930
43,130
44,670
45,970
46,280
47,170
48,1260
49,310
50,650
51,470
52,690
53,160
54,970
55,700
56,1180
57,500
58,320
59,190
60,2060
61,110
62,340
63,1260
64,760
65,670
66,1060
67,140
68,770
69,570
70,1430
71,200
72,2030
73,120
74,340
75,1190
76,770
77,780
78,1150
79,190
80,1870
81,685
82,360
83,200
84,2420
85,690
86,340
87,600
88,1380
89,210
90,2510
91,710
92,720
93,590
94,380
95,830
96,2050
97,160
98,900
99,1380
100,1660
101,160
102,1260
103,190
104,1550
105,2440
106,370
107,210
108,2340
109,170
110,1650
111,670
112,2090
113,160
114,1350
115,840
116,870
117,1500
118,440
119,1000
120,4170
121,340
122,350
123,610
124,890
125,735
126,2870
127,170
128,1145
129,640
130,1770
131,220
132,2870
133,860
134,420
135,2390
136,1500
137,170
138,1370
139,230
140,3480
141,650
142,430
143,1070
144,3750
145,720
146,390
147,1460
148,870
149,220
150,2870
151,190
152,1710
153,1570
154,2010
155,940
156,2770
157,160
158,410
159,740
160,3170
161,990
162,1790
163,170
164,980
165,2960
166,450
167,280
168,5080
169,420
170,1870
171,1540
172,900
173,200
174,1550
175,2080
176,2420
177,640
178,490
179,290
180,6180
181,180
182,1950
183,700
184,1580
185,840
186,1420
187,1020
188,1000
189,2790
190,1850
191,240
192,3230
193,150
194,490
195,3120
196,2110
197,230
198,3370
199,240
200,3450
201,650
202,460
203,1110
204,3190
205,890
206,490
207,1820
208,2740
209,1130
210,5830
211,140
212,920
213,650
214,500
215,1100
216,4735
217,890
218,450
219,760
220,4140
221,1000
222,1540
223,260
224,3740
225,3340
226,410
227,240
228,3320
229,230
230,2080
231,3280
232,1720
233,240
234,3500
235,970
236,1000
237,820
238,2260
239,330
240,7480
241,160
242,1040
243,1330
244,1030
245,2160
246,1520
247,1080
248,1820
249,790
250,1840
251,320
252,7230
253,1060
254,440
255,3230
256,1565
257,180
258,1650
259,1050
260,4410
261,1680
262,480
263,300
264,5960
265,940
266,2130
267,690
268,1030
269,300
270,5800
271,240
272,2840
273,3510
274,470
275,2420
276,3290
277,180
278,530
279,2000
280,7050
281,160
282,1520
283,220
284,1130
285,3410
286,2420
287,1180
288,6120
289,460
290,1880
291,740
292,1050
293,260
294,3670
295,1020
296,1980
297,3170
298,560
299,1300
300,7020
301,960
302,460
303,810
304,2900
305,1010
306,3850
307,250
308,4920
309,810
310,2190
311,280
312,5860
313,200
314,530
315,7330
316,950
317,220
318,1660
319,1260
320,4850
321,790
322,2460
323,1260
324,4540
325,2140
326,430
327,870
328,1990
329,1240
330,6800
331,180
332,1070
333,1890
334,560
335,1240
336,8810
337,220
338,1190
339,820
340,4840
341,1190
342,3910
343,905
344,1940
345,3340
346,470
347,250
348,3640
349,290
350,5070
351,3540
352,3860
353,180
354,1690
355,1110
356,1200
357,3770
358,600
359,390
360,12430
361,440
362,530
363,1890
364,4920
365,930
366,1560
367,260
368,2920
369,1920
370,2210
371,1240
372,3640
373,250
374,2700
375,3080
376,2000
377,1320
378,6590
379,250
380,4650
381,780
382,500
383,330
384,5070
385,4890
386,480
387,1880
388,1190
389,310
390,7450
391,1270
392,4390
393,760
394,550
395,1230
396,8260
397,180
398,570
399,4050
400,6130
401,210
402,1710
403,1180
404,1250
405,4680
406,2540
407,1260
408,6370
409,200
410,2210
411,800
412,1210
413,1330
414,4160
415,1240
416,4490
417,930
418,2760
419,390
420,14130
421,130
422,430
423,1970
424,1970
425,2450
426,1700
427,1040
428,1210
429,4250
430,2320
431,360
432,8455
433,240
434,2460
435,3560
436,1080
437,1290
438,1800
439,340
440,8600
441,4470
442,2570
443,230
444,3640
445,1000
446,530
447,990
448,5680
449,330
450,8390
451,1060
452,1090
453,890
454,610
455,5480
456,6600
457,190
458,610
459,3680
460,5000
461,300
462,7840
463,230
464,3150
465,3580
466,550
467,340
468,8480
469,1060
470,2250
471,830
472,2060
473,1190
474,1940
475,2830
476,5390
477,2010
478,600
479,420
480,12450
481,990
482,540
483,3880
484,2640
485,1070
486,3120
487,240
488,2120
489,850
490,5260
491,270
492,3980
493,1380
494,2840
495,8590
496,3050
497,1220
498,1770
499,260
500,4280
501,870
502,650
503,430
504,14660
505,1080
506,2520
507,2060
508,1100
509,320
510,7750
511,1200
512,2370
513,3460
514,520
515,1220
516,3950
517,1340
518,2650
519,1000
520,8920
521,270
522,4220
523,230
524,1350
525,8530
526,630
527,1470
528,10350
529,590
530,2470
531,2010
532,5390
533,1180
534,1760
535,1210
536,2090
537,890
538,710
539,3270
540,13580
541,160
542,540
543,1010
544,4670
545,1150
546,8220
547,210
548,1210
549,2230
550,5720
551,1460
552,6840
553,1150
554,540
555,3870
556,1180
557,310
558,4620
559,1500
560,12950
561,3940
562,440
563,260
564,3870
565,1050
566,630
567,5340
568,2160
569,320
570,7930
571,280
572,5920
573,970
574,2730
575,3070
576,9240
577,230
578,1290
579,890
580,5230
581,1200
582,1910
583,1390
584,2370
585,8710
586,610
587,340
588,8890
589,1290
590,2350
591,930
592,3370
593,320
594,7890
595,5530
596,1210
597,980
598,2880
599,420
600,13880
601,200
602,2620
603,2030
604,1190
605,2750
606,1840
607,320
608,5010
609,4380
610,2540
611,1540
612,9190
613,210
614,640
615,4160
616,9700
617,220
618,1880
619,290
620,5450
621,3880
622,620
623,1610
624,10700
625,1445
626,590
627,4410
628,1330
629,1500
630,16950
631,160
632,1930
633,760
634,540
635,1300
636,4120
637,2870
638,2820
639,2180
640,6900
641,220
642,1890
643,340
644,5940
645,4060
646,3000
647,390
648,9295
649,1470
650,5790
651,4090
652,1130
653,230
654,2030
655,1300
656,3500
657,2230
658,2940
659,410
660,16720
661,250
662,570
663,4600
664,2290
665,5760
666,4480
667,1310
668,1230
669,1040
670,2720
671,1590
672,14250
673,200
674,610
675,7930
676,2810
677,220
678,1980
679,1260
680,9420
681,920
682,2910
683,340
684,9430
685,1060
686,2300
687,990
688,3400
689,1450
690,8190
691,260
692,1350
693,9990
694,570
695,1350
696,7140
697,1290
698,660
699,1060
700,11860
701,370
702,8240
703,1370
704,6200
705,3840
706,490
707,1300
708,3990
709,270
710,2630
711,2350
712,2420
713,1540
714,9040
715,6000
716,1220
717,960
718,720
719,500
720,21890
721,1150
722,1290
723,840
724,1310
725,2730
726,4380
727,330
728,10390
729,2150
730,2440
731,1420
732,4050
733,270
734,710
735,9020
736,4770
737,1370
738,4540
739,310
740,5520
741,4710
742,2810
743,300
744,7370
745,1080
746,640
747,2340
748,6610
749,1500
750,7060
751,250
752,3500
753,990
754,3190
755,1530
756,15880
757,210
758,610
759,4930
760,9490
761,200
762,1940
763,1300
764,1300
765,9420
766,600
767,1680
768,6900
769,320
770,11540
771,850
772,1240
773,320
774,4870
775,3090
776,2520
777,4560
778,750
779,1740
780,17530
781,1450
782,3070
783,4110
784,7440
785,1020
786,1730
787,230
788,1300
789,1060
790,2840
791,1670
792,16700
793,1100
794,520
795,4090
796,1300
797,380
798,9560
799,1600
800,10240
801,1980
802,580
803,1360
804,4320
805,5970
806,2880
807,930
808,2420
809,380
810,11010
811,280
812,6070
813,1040
814,3020
815,1440
816,11560
817,1310
818,670
819,10480
820,5340
821,240
822,2000
823,310
824,2560
825,9700
826,2970
827,340
828,9770
829,240
830,2750
831,1100
832,6860
833,3340
834,2200
835,1500
836,6690
837,4100
838,750
839,520
840,28320
841,500
842,450
843,820
844,1240
845,2940
846,4730
847,3020
848,3390
849,1000
850,6140
851,1420
852,4220
853,280
854,2900
855,9690
856,2270
857,330
858,9610
859,300
860,5680
861,4350
862,640
863,430
864,13700
865,1110
866,650
867,2310
868,6090
869,1630
870,8550
871,1350
872,2290
873,2290
874,3100
875,5110
876,4190
877,250
878,670
879,1180
880,15090
881,370
882,10490
883,300
884,6450
885,3970
886,540
887,350
888,7550
889,1290
890,2660
891,5950
892,1330
893,1500
894,2240
895,1510
896,8560
897,5040
898,790
899,1830
900,20250
901,1410
902,2920
903,4490
904,2180
905,1100
906,1880
907,270
908,1460
909,2530
910,12620
911,380
912,11790
913,1360
914,580
915,4180
916,1470
917,1530
918,8810
919,320
920,10120
921,1030
922,760
923,1810
924,19430
925,2720
926,580
927,2410
928,5110
929,350
930,8690
931,3020
932,1250
933,1020
934,790
935,6920
936,17010
937,250
938,2810
939,900
940,5680
941,230
942,2060
943,1660
944,4030
945,16230
946,2800
947,290
948,4450
949,1300
950,6290
951,1120
952,10480
953,290
954,4630
955,1350
956,1340
957,5100
958,720
959,1730
960,18780
961,590
962,3000
963,2190
964,1410
965,1350
966,9380
967,310
968,5530
969,4690
970,2740
971,370
972,7910
973,1310
974,690
975,9980
976,3510
977,250
978,2130
979,1720
980,12640
981,2300
982,590
983,360
984,8090
985,1400
986,3370
987,4880
988,6770
989,1730
990,19820
991,250
992,5110
993,890
994,2980
995,1240
996,4230
997,290
998,680
999,4650
1000,8795
1001,6830
1002,2100
1003,1480
1004,1480
1005,4410
1006,800
1007,1930
1008,25400
1009,220
1010,2670
1011,1030
1012,6410
1013,300
1014,5070
1015,6190
1016,2260
1017,2210
1018,720
1019,450
1020,18610
1021,270
1022,2970
1023,5090
1024,3260
1025,3140
1026,8630
1027,1440
1028,1340
1029,3910
1030,2770
1031,360
1032,7940
1033,300
1034,3370
1035,10210
1036,6300
1037,1290
1038,2120
1039,410
1040,15690
1041,930
1042,680
1043,1670
1044,10410
1045,6300
1046,560
1047,1120
1048,2630
1049,420
1050,19550
1051,240
1052,1460
1053,6620
1054,3390
1055,1540
1056,16200
1057,1250
1058,1390
1059,870
1060,5890
1061,280
1062,4970
1063,370
1064,11410
1065,4300
1066,3090
1067,1480
1068,4390
1069,300
1070,3070
1071,11360
1072,3660
1073,1410
1074,2120
1075,3300
1076,1580
1077,1220
1078,7610
1079,2030
1080,27290
1081,1400
1082,510
1083,2300
1084,1410
1085,6300
1086,2180
1087,360
1088,7310
1089,5450
1090,2830
1091,400
1092,19760
1093,190
1094,570
1095,4270
1096,2300
1097,310
1098,5150
1099,1440
1100,13590
1101,1110
1102,3220
1103,410
1104,12440
1105,6140
1106,2870
1107,4050
1108,1280
1109,350
1110,9090
1111,1440
1112,2530
1113,4710
1114,690
1115,1590
1116,10590
1117,290
1118,3320
1119,1380
1120,21050
1121,1640
1122,9790
1123,270
1124,1390
1125,8460
1126,650
1127,3660
1128,7830
1129,260
1130,2730
1131,5080
1132,1520
1133,1730
1134,12510
1135,1370
1136,3600
1137,1010
1138,760
1139,1690
1140,19080
1141,1230
1142,650
1143,2610
1144,12020
1145,1270
1146,2040
1147,1510
1148,6460
1149,1170
1150,6870
1151,460
1152,13960
1153,230
1154,740
1155,19700
1156,3160
1157,1530
1158,2090
1159,1620
1160,10590
1161,4160
1162,2860
1163,270
1164,4510
1165,1370
1166,3090
1167,1170
1168,4050
1169,1670
1170,20710
1171,250
1172,1470
1173,5340
1174,790
1175,3600
1176,17550
1177,1460
1178,3210
1179,2310
1180,5760
1181,270
1182,2270
1183,3380
1184,5590
1185,4390
1186,770
1187,480
1188,18740
1189,1590
1190,12890
1191,930
1192,2330
1193,270
1194,2360
1195,1530
1196,7260
1197,11560
1198,770
1199,1770
1200,24040
1201,180
1202,560
1203,1010
1204,6330
1205,1330
1206,5010
1207,1640
1208,2510
1209,5330
1210,6610
1211,1510
1212,4420
1213,300
1214,790
1215,8550
1216,7420
1217,360
1218,10360
1219,1660
1220,6370
1221,5300
1222,3410
1223,460
1224,18590
1225,6780
1226,490
1227,890
1228,1380
1229,350
1230,9480
1231,400
1232,17220
1233,2310
1234,600
1235,6960
1236,4520
1237,300
1238,740
1239,5200
1240,10710
1241,1590
1242,9320
1243,1400
1244,1470
1245,4760
1246,3360
1247,1800
1248,16930
1249,270
1250,3820
1251,2450
1252,1530
1253,1760
1254,10670
1255,1560
1256,2680
1257,1190
1258,3790
1259,590
1260,40940
1261,1240
1262,470
1263,990
1264,3590
1265,6660
1266,1930
1267,1350
1268,1420
1269,4420
1270,2890
1271,1700
1272,8550
1273,1630
1274,7590
1275,10820
1276,6820
1277,300
1278,4930
1279,380
1280,9920
1281,4600
1282,600
1283,300
1284,4680
1285,1230
1286,830
1287,12440
1288,11750
1289,330
1290,9300
1291,310
1292,7170
1293,1030
1294,850
1295,7070
1296,16005
1297,250
1298,3390
1299,1170
1300,14100
1301,320
1302,9830
1303,290
1304,2530
1305,10070
1306,590
1307,330
1308,5000
1309,7520
1310,2980
1311,5430
1312,5550
1313,1420
1314,5190
1315,1510
1316,6630
1317,1190
1318,810
1319,560
1320,33050
1321,200
1322,720
1323,9790
1324,1440
1325,3280
1326,10400
1327,290
1328,3970
1329,1090
1330,13370
1331,1305
1332,10530
1333,1460
1334,3200
1335,4220
1336,2380
1337,1530
1338,2230
1339,1500
1340,6260
1341,2630
1342,3380
1343,1940
1344,21590
1345,1230
1346,580
1347,1020
1348,1600
1349,1950
1350,18810
1351,1440
1352,6050
1353,4800
1354,590
1355,1480
1356,4730
1357,1670
1358,3210
1359,2890
1360,16710
1361,270
1362,2410
1363,1830
1364,7690
1365,20360
1366,680
1367,420
1368,18810
1369,570
1370,2730
1371,1040
1372,5530
1373,290
1374,2420
1375,6310
1376,5840
1377,6800
1378,3470
1379,1750
1380,19030
1381,160
1382,600
1383,1120
1384,2660
1385,1530
1386,22930
1387,1310
1388,1310
1389,1060
1390,3020
1391,1930
1392,12960
1393,1540
1394,3470
1395,10420
1396,1460
1397,1500
1398,2320
1399,450
1400,23600
1401,1060
1402,800
1403,1810
1404,19140
1405,1320
1406,3330
1407,5060
1408,8840
1409,310
1410,9130
1411,1510
1412,1320
1413,2490
1414,3240
1415,1560
1416,8130
1417,1460
1418,700
1419,5260
1420,6580
1421,3800
1422,5370
1423,370
1424,4390
1425,11220
1426,3560
1427,460
1428,21430
1429,380
1430,14100
1431,4420
1432,2280
1433,280
1434,2270
1435,6730
1436,1430
1437,1180
1438,860
1439,630
1440,35720
1441,1390
1442,3250
1443,5420
1444,3250
1445,2990
1446,2070
1447,300
1448,2900
1449,11910
1450,6680
1451,340
1452,10760
1453,270
1454,780
1455,4880
1456,17910
1457,1630
1458,5190
1459,300
1460,6070
1461,1110
1462,3570
1463,7870
1464,8310
1465,1280
1466,660
1467,2440
1468,1660
1469,1850
1470,20680
1471,320
1472,7260
1473,1060
1474,3530
1475,3490
1476,11220
1477,1340
1478,750
1479,5700
1480,11400
1481,380
1482,11260
1483,380
1484,7050
1485,18610
1486,580
1487,400
1488,12670
1489,240
1490,2790
1491,4790
1492,1490
1493,390
1494,5540
1495,7200
1496,12800
1497,1090
1498,3490
1499,440
1500,16800
1501,1590
1502,620
1503,2730
1504,5770
1505,6840
1506,2230
1507,1540
1508,7260
1509,1210
1510,3320
1511,580
1512,31810
1513,1470
1514,590
1515,4830
1516,1500
1517,1640
1518,11110
1519,3650
1520,16970
1521,5580
1522,550
1523,290
1524,4600
1525,3210
1526,3150
1527,1130
1528,2580
1529,1950
1530,22190
1531,240
1532,1520
1533,5410
1534,3650
1535,1740
1536,9540
1537,1630
1538,880
1539,7350
1540,27800
1541,1440
1542,2060
1543,270
1544,2620
1545,4660
1546,790
1547,8140
1548,11200
1549,320
1550,7250
1551,5360
1552,4090
1553,330
1554,10420
1555,1460
1556,1620
1557,2840
1558,3760
1559,570
1560,34440
1561,1410
1562,3260
1563,1030
1564,7120
1565,1360
1566,9440
1567,390
1568,12490
1569,940
1570,2790
1571,300
1572,4870
1573,3850
1574,790
1575,23990
1576,2410
1577,1590
1578,2320
1579,370
1580,6530
1581,5590
1582,3470
1583,540
1584,29230
1585,1350
1586,3160
1587,2550
1588,1440
1589,1710
1590,9860
1591,1560
1592,2750
1593,4500
1594,910
1595,7540
1596,22180
1597,300
1598,3580
1599,5660
1600,15150
1601,250
1602,4910
1603,1430
1604,1470
1605,4720
1606,3280
1607,350
1608,8600
1609,380
1610,14160
1611,2490
1612,7270
1613,300
1614,2460
1615,7670
1616,4420
1617,11640
1618,830
1619,520
1620,25580
1621,190
1622,630
1623,1220
1624,12260
1625,5630
1626,2220
1627,340
1628,7210
1629,2820
1630,3090
1631,1950
1632,18530
1633,1710
1634,3400
1635,4830
1636,1490
1637,480
1638,24110
1639,1780
1640,10820
1641,940
1642,640
1643,1710
1644,5050
1645,6760
1646,760
1647,4950
1648,4430
1649,1850
1650,22800
1651,1560
1652,6870
1653,5320
1654,690
1655,1680
1656,19310
1657,270
1658,670
1659,5200
1660,6280
1661,1540
1662,2270
1663,440
1664,10290
1665,10900
1666,7700
1667,310
1668,4810
1669,290
1670,3160
1671,1330
1672,13360
1673,1910
1674,10090
1675,3650
1676,1640
1677,5970
1678,970
1679,2250
1680,49880
1681,690
1682,1540
1683,11730
1684,1290
1685,1310
1686,2040
1687,1280
1688,2450
1689,1110
1690,7160
1691,1870
1692,11250
1693,320
1694,7790
1695,4700
1696,5520
1697,300
1698,2440
1699,460
1700,15640
1701,9360
1702,3440
1703,1900
1704,8730
1705,7170
1706,690
1707,1230
1708,7090
1709,460
1710,22830
1711,1690
1712,3900
1713,1160
1714,860
1715,6150
1716,22950
1717,1310
1718,660
1719,2790
1720,11000
1721,340
1722,10440
1723,260
1724,1580
1725,11330
1726,810
1727,2010
1728,21000
1729,7020
1730,2670
1731,990
1732,1500
1733,350
1734,5620
1735,1600
1736,12400
1737,2590
1738,3660
1739,1910
1740,20470
1741,280
1742,3540
1743,5080
1744,3920
1745,1410
1746,5470
1747,370
1748,7720
1749,5850
1750,12070
1751,1840
1752,8520
1753,280
1754,780
1755,19950
1756,1460
1757,1560
1758,2450
1759,500
1760,24150
1761,1140
1762,890
1763,1970
1764,24990
1765,1250
1766,770
1767,5800
1768,13310
1769,1670
1770,9740
1771,7600
1772,1280
1773,2570
1774,750
1775,3750
1776,13000
1777,260
1778,3200
1779,1150
1780,6750
1781,1800
1782,14250
1783,330
1784,2910
1785,21710
1786,3230
1787,300
1788,4850
1789,310
1790,3170
1791,3030
1792,11670
1793,1560
1794,11370
1795,1530
1796,1690
1797,1310
1798,4000
1799,2040
1800,39920
1801,250
1802,3460
1803,1140
1804,7510
1805,3590
1806,10640
1807,1670
1808,3940
1809,4460
1810,3020
1811,320
1812,5010
1813,3710
1814,740
1815,11430
1816,2840
1817,1830
1818,5940
1819,1960
1820,29190
1821,1140
1822,740
1823,500
1824,19300
1825,3210
1826,3560
1827,12210
1828,1480
1829,1810
1830,9760
1831,320
1832,2900
1833,5590
1834,3570
1835,1730
1836,20470
1837,1730
1838,670
1839,1230
1840,17930
1841,1720
1842,2420
1843,1640
1844,1780
1845,11600
1846,3820
1847,560
1848,38810
1849,700
1850,6890
1851,950
1852,1460
1853,1770
1854,5680
1855,7010
1856,7730
1857,1090
1858,840
1859,4610
1860,20650
1861,330
1862,7980
1863,7100
1864,2400
1865,1310
1866,2180
1867,300
1868,1770
1869,5640
1870,15360
1871,540
1872,30230
1873,200
1874,740
1875,6400
1876,6840
1877,260
1878,2280
1879,420
1880,11930
1881,12540
1882,650
1883,1880
1884,5240
1885,7240
1886,3670
1887,5910
1888,6330
1889,580
1890,37600
1891,1380
1892,7000
1893,900
1894,630
1895,1490
1896,8560
1897,1520
1898,3520
1899,2610
1900,15090
1901,280
1902,2510
1903,1830
1904,18700
1905,4760
1906,660
1907,390
1908,11430
1909,1770
1910,3120
1911,12380
1912,2620
1913,390
1914,11670
1915,1590
1916,1640
1917,4870
1918,3730
1919,2180
1920,27570
1921,1470
1922,1650
1923,1160
1924,7770
1925,16060
1926,5330
1927,1630
1928,2720
1929,1200
1930,3310
1931,440
1932,22630
1933,290
1934,830
1935,11720
1936,9490
1937,1800
1938,11630
1939,1360
1940,6470
1941,1080
1942,830
1943,1980
1944,16070
1945,1420
1946,3320
1947,5530
1948,1570
1949,500
1950,23590
1951,340
1952,6250
1953,12670
1954,700
1955,7670
1956,4990
1957,1680
1958,3810
1959,1340
1960,24820
1961,1650
1962,5500
1963,1520
1964,1540
1965,4830
1966,780
1967,1780
1968,13940
1969,1880
1970,3310
1971,4980
1972,8180
1973,400
1974,11300
1975,3860
1976,13990
1977,1240
1978,3820
1979,630
1980,46790
1981,1350
1982,590
1983,1100
1984,7670
1985,1230
1986,2170
1987,390
1988,7630
1989,13040
1990,3040
1991,1710
1992,8810
1993,310
1994,830
1995,22560
1996,1450
1997,400
1998,10360
1999,500
2000,15635
2001,5790
2002,16000
2003,270
2004,4780
2005,1340
2006,3600
2007,2820
2008,2900
2009,4140
2010,10090
2011,280
2012,1760
2013,6060
2014,4070
2015,8380
2016,40160
2017,190
2018,570
2019,1030
2020,6790
2021,1820
2022,2630
2023,4290
2024,13600
2025,14570
2026,670
2027,370
2028,11480
2029,380
2030,14270
2031,1100
2032,4050
2033,1810
2034,5590
2035,7520
2036,1640
2037,5240
2038,880
2039,550
2040,36340
2041,1360
2042,680
2043,2720
2044,7050
2045,1520
2046,11170
2047,1930
2048,4255
2049,1180
2050,7710
2051,1800
2052,20510
2053,350
2054,3570
2055,4880
2056,2750
2057,3940
2058,9370
2059,1810
2060,6630
2061,2670
2062,750
2063,450
2064,14310
2065,7250
2066,870
2067,6140
2068,8130
2069,510
2070,23770
2071,1720
2072,12970
2073,1030
2074,3560
2075,3840
2076,5040
2077,1730
2078,940
2079,22790
2080,24770
2081,200
2082,2180
2083,250
2084,1610
2085,5140
2086,3690
2087,490
2088,20550
2089,370
2090,14970
2091,5410
2092,1560
2093,8150
2094,2500
2095,1520
2096,4410
2097,2720
2098,970
2099,630
2100,45850
2101,1510
2102,620
2103,1180
2104,2900
2105,1510
2106,15600
2107,3690
2108,8030
2109,5920
2110,3240
2111,520
2112,24970
2113,270
2114,3410
2115,11140
2116,3300
2117,1580
2118,2240
2119,1750
2120,11750
2121,5220
2122,740
2123,1740
2124,11880
2125,6070
2126,770
2127,1330
2128,19340
2129,360
2130,10150
2131,400
2132,7910
2133,5100
2134,3740
2135,7510
2136,8600
2137,290
2138,790
2139,6120
2140,7100
2141,510
2142,25680
2143,400
2144,6470
2145,23760
2146,3510
2147,1540
2148,4860
2149,1450
2150,7410
2151,2570
2152,2870
2153,310
2154,2600
2155,1900
2156,17250
2157,1350
2158,4050
2159,2260
2160,47240
2161,260
2162,3430
2163,5210
2164,1370
2165,1410
2166,5550
2167,1640
2168,2890
2169,2690
2170,14650
2171,1940
2172,5220
2173,1750
2174,830
2175,12240
2176,10410
2177,1780
2178,12870
2179,300
2180,6660
2181,1310
2182,910
2183,2270
2184,40130
2185,7490
2186,580
2187,3335
2188,1510
2189,1930
2190,10270
2191,1520
2192,4140
2193,5520
2194,750
2195,1710
2196,12090
2197,1365
2198,3480
2199,1420
2200,27320
2201,1730
2202,2580
2203,420
2204,8670
2205,25670
2206,760
2207,510
2208,19870
2209,910
2210,15530
2211,5400
2212,7000
2213,340
2214,10020
2215,1420
2216,2530
2217,1150
2218,820
2219,1930
2220,21420
2221,310
2222,3800
2223,13800
2224,4300
2225,3420
2226,10930
2227,1690
2228,1550
2229,1140
2230,3410
2231,2130
2232,21060
2233,8460
2234,720
2235,5110
2236,7810
2237,330
2238,2690
2239,540
2240,32020
2241,4950
2242,3880
2243,440
2244,24520
2245,1240
2246,690
2247,5440
2248,2850
2249,1800
2250,19800
2251,250
2252,1570
2253,1320
2254,8860
2255,7910
2256,13720
2257,1400
2258,720
2259,2840
2260,7180
2261,9110
2262,12210
2263,1550
2264,3000
2265,5100
2266,3890
2267,530
2268,29850
2269,290
2270,3200
2271,1170
2272,5930
2273,350
2274,2790
2275,17090
2276,1780
2277,14250
2278,3980
2279,2150
2280,36970
2281,250
2282,3010
2283,940
2284,1480
2285,1580
2286,5820
2287,460
2288,21040
2289,5420
2290,3270
2291,1870
2292,5100
2293,410
2294,4170
2295,21520
2296,12650
2297,290
2298,2630
2299,4370
2300,16070
2301,5780
2302,810
2303,4460
2304,18950
2305,1430
2306,680
2307,1250
2308,1760
2309,550
2310,45220
2311,310
2312,6290
2313,2520
2314,3650
2315,1630
2316,5090
2317,1550
2318,3660
2319,1350
2320,18600
2321,1590
2322,10650
2323,1810
2324,7220
2325,11800
2326,640
2327,2090
2328,9220
2329,1630
2330,3480
2331,13050
2332,7440
2333,300
2334,2700
2335,1800
2336,6670
2337,6100
2338,3850
2339,620
2340,48820
2341,230
2342,690
2343,5770
2344,3010
2345,7480
2346,12090
2347,290
2348,1820
2349,7680
2350,7820
2351,550
2352,30300
2353,1350
2354,3620
2355,4720
2356,7680
2357,350
2358,5420
2359,1600
2360,11630
2361,1020
2362,710
2363,1930
2364,5330
2365,7920
2366,8130
2367,2970
2368,8340
2369,1820
2370,10320
2371,330
2372,1820
2373,5930
2374,1040
2375,7780
2376,36900
2377,310
2378,3970
2379,6210
2380,30520
2381,230
2382,2200
2383,330
2384,4400
2385,11330
2386,720
2387,7840
2388,5190
2389,310
2390,3150
2391,1470
2392,14510
2393,480
2394,26160
2395,1630
2396,1660
2397,6310
2398,3690
2399,630
2400,39450
2401,1875
2402,650
2403,4480
2404,1580
2405,7290
2406,2450
2407,2030
2408,13200
2409,5700
2410,3250
2411,430
2412,12260
2413,1810
2414,4190
2415,23030
2416,4160
2417,370
2418,12000
2419,1940
2420,15520
2421,2510
2422,3430
2423,350
2424,8870
2425,3250
2426,680
2427,1090
2428,1850
2429,1950
2430,19540
2431,9190
2432,10550
2433,1160
2434,840
2435,1700
2436,23950
2437,300
2438,3680
2439,3120
2440,12090
2441,430
2442,12120
2443,1680
2444,8100
2445,5230
2446,880
2447,600
2448,33400
2449,1970
2450,17080
2451,5450
2452,1350
2453,1860
2454,2370
2455,1680
2456,3110
2457,22870
2458,770
2459,470
2460,22040
2461,1760
2462,820
2463,1400
2464,28160
2465,7060
2466,5420
2467,280
2468,1540
2469,1310
2470,16170
2471,1790
2472,9170
2473,330
2474,880
2475,27040
2476,1660
2477,410
2478,11740
2479,1820
2480,18540
2481,1120
2482,4010
2483,2100
2484,21870
2485,7060
2486,3320
2487,1160
2488,2920
2489,1850
2490,10600
2491,1890
2492,7630
2493,3130
2494,3860
2495,1890
2496,25920
2497,1790
2498,820
2499,13190
2500,8760
2501,1530
2502,5680
2503,290
2504,3120
2505,5410
2506,3900
2507,2050
2508,25420
2509,1350
2510,3550
2511,7770
2512,4400
2513,1950
2514,2650
2515,1940
2516,8560
2517,1420
2518,1130
2519,2600
2520,80660
2521,190
2522,3470
2523,2570
2524,1330
2525,3470
2526,2280
2527,3850
2528,5950
2529,2630
2530,15520
2531,310
2532,5050
2533,1840
2534,3610
2535,12060
2536,2790
2537,1970
2538,10480
2539,380
2540,7180
2541,12680
2542,3870
2543,440
2544,14530
2545,1500
2546,4010
2547,3080
2548,17770
2549,490
2550,24940
2551,400
2552,13630
2553,5820
2554,720
2555,7480
2556,11610
2557,260
2558,720
2559,1350
2560,13940
2561,1970
2562,11090
2563,1790
2564,1600
2565,21060
2566,720
2567,1860
2568,9170
2569,1600
2570,2960
2571,1280
2572,1900
2573,2180
2574,28530
2575,4050
2576,20400
2577,1040
2578,770
2579,510
2580,22330
2581,1870
2582,850
2583,13600
2584,14070
2585,7560
2586,2260
2587,1710
2588,1730
2589,1350
2590,15500
2591,560
2592,25510
2593,280
2594,760
2595,5220
2596,8220
2597,4180
2598,2770
2599,2010
2600,28410
2601,6340
2602,820
2603,2000
2604,23820
2605,1390
2606,740
2607,6160
2608,4300
2609,470
2610,24080
2611,1580
2612,1480
2613,5910
2614,740
2615,1630
2616,9530
2617,430
2618,18130
2619,5100
2620,7050
2621,420
2622,12910
2623,1900
2624,9210
2625,20360
2626,3690
2627,1870
2628,11910
2629,1900
2630,3400
2631,1260
2632,12990
2633,280
2634,2730
2635,8420
2636,1740
2637,3200
2638,1070
2639,9780
2640,57310
2641,1570
2642,620
2643,1150
2644,1810
2645,3970
2646,22480
2647,250
2648,2850
2649,1310
2650,8170
2651,1880
2652,25020
2653,1650
2654,740
2655,11940
2656,6080
2657,250
2658,2440
2659,500
2660,31360
2661,1200
2662,3130
2663,520
2664,21410
2665,7410
2666,3760
2667,5600
2668,7850
2669,1680
2670,10170
2671,340
2672,4510
2673,10510
2674,3500
2675,3840
2676,5120
2677,380
2678,3750
2679,6200
2680,12020
2681,1930
2682,6020
2683,390
2684,8380
2685,5470
2686,4020
2687,610
2688,31990
2689,330
2690,3340
2691,14100
2692,1570
2693,360
2694,2890
2695,17370
2696,3170
2697,6310
2698,4420
2699,660
2700,43770
2701,1390
2702,3580
2703,6330
2704,10260
2705,1480
2706,11400
2707,310
2708,1550
2709,12980
2710,3100
2711,380
2712,9290
2713,340
2714,3950
2715,5580
2716,7730
2717,9560
2718,5870
2719,480
2720,26750
2721,1050
2722,730
2723,1950
2724,5660
2725,3720
2726,4030
2727,5590
2728,14780
2729,580
2730,47060
2731,230
2732,1500
2733,1220
2734,900
2735,1950
2736,33640
2737,8640
2738,1700
2739,5740
2740,6610
2741,280
2742,2480
2743,1810
2744,11565
2745,11690
2746,680
2747,1810
2748,5710
2749,480
2750,14470
2751,5810
2752,8700
2753,490
2754,16460
2755,8080
2756,8060
2757,1310
2758,4040
2759,2310
2760,38070
2761,1750
2762,560
2763,2750
2764,1640
2765,7520
2766,2550
2767,380
2768,4730
2769,6380
2770,3680
2771,2350
2772,54590
2773,1940
2774,3620
2775,12220
2776,2550
2777,290
2778,2390
2779,1520
2780,7210
2781,5290
2782,4190
2783,4390
2784,20300
2785,1500
2786,3500
2787,1240
2788,8420
2789,460
2790,24860
2791,320
2792,3170
2793,13470
2794,3640
2795,8440
2796,5090
2797,280
2798,940
2799,3290
2800,41410
2801,280
2802,2610
2803,370
2804,2090
2805,25680
2806,3950
2807,2080
2808,37290
2809,690
2810,3040
2811,1230
2812,8030
2813,1910
2814,11730
2815,1740
2816,12340
2817,2600
2818,770
2819,480
2820,22500
2821,7740
2822,3620
2823,1100
2824,2760
2825,3600
2826,5980
2827,1820
2828,7890
2829,6290
2830,3500
2831,2140
2832,14470
2833,380
2834,4240
2835,30440
2836,1600
2837,420
2838,12170
2839,1980
2840,12380
2841,1200
2842,8880
2843,390
2844,12440
2845,1540
2846,850
2847,6730
2848,7090
2849,9270
2850,25450
2851,360
2852,8270
2853,2940
2854,960
2855,2080
2856,41860
2857,250
2858,820
2859,1330
2860,33250
2861,400
2862,10340
2863,1600
2864,4120
2865,5170
2866,750
2867,1890
2868,5320
2869,1890
2870,15580
2871,14180
2872,2820
2873,3890
2874,2710
2875,7210
2876,1760
2877,5760
2878,990
2879,730
2880,53500
2881,1570
2882,3500
2883,2840
2884,7540
2885,1510
2886,12190
2887,410
2888,7070
2889,4940
2890,7720
2891,4230
2892,5280
2893,1620
2894,770
2895,5330
2896,4760
2897,530
2898,27480
2899,1950
2900,16560
2901,1220
2902,790
2903,520
2904,22310
2905,7390
2906,790
2907,13610
2908,1740
2909,420
2910,11190
2911,2170
2912,29640
2913,1170
2914,4100
2915,8400
2916,12640
2917,230
2918,780
2919,5840
2920,12440
2921,1830
2922,2770
2923,2080
2924,9000
2925,28340
2926,17610
2927,360
2928,14310
2929,1610
2930,3090
2931,1120
2932,1690
2933,1780
2934,5900
2935,1750
2936,3240
2937,6290
2938,4210
2939,650
2940,48800
2941,1730
2942,730
2943,5540
2944,10650
2945,8080
2946,2470
2947,1460
2948,8240
2949,1320
2950,7950
2951,2140
2952,21890
2953,310
2954,3490
2955,5200
2956,1710
2957,450
2958,13710
2959,2320
2960,20240
2961,13560
2962,850
2963,470
2964,26130
2965,1620
2966,900
2967,6550
2968,13930
2969,580
2970,42830
2971,200
2972,1430
2973,1280
2974,930
2975,18640
2976,19970
2977,1580
2978,690
2979,2800
2980,6770
2981,1790
2982,11430
2983,1710
2984,2980
2985,4980
2986,860
2987,2130
2988,12990
2989,4080
2990,16730
2991,1410
2992,22280
2993,1560
2994,2600
2995,1660
2996,8340
2997,8020
2998,910
2999,610
3000,33620
